01ke4644.copc.laz,Qma8noDqgtAg2c5SC8QrHHDpsFi8y5aHdqU7hfAMmVPtaa,187043044,178.38 MiB
01ke4731.copc.laz,QmRgfnwXi1v9He6Eit9ys61d9Z9ntfS7QdHMASjHH7XF8t,16590662,15.82 MiB
01ke4733.copc.laz,QmcMCuje7V1FEEduAiJ4d8nFgUCQfwxyJsPyvMNWXFd31Y,69382642,66.17 MiB
01ke4734.copc.laz,QmZrNWLCDHnbKcwqEtRwYF9mddyUNB1sTrAKBK3iXmRqSQ,26764849,25.52 MiB
01ke4743.copc.laz,QmYZRrBJrQ7QJSZhBGTFgsJgMR9vaDATeFaf5DdJtrQNaf,42669041,40.69 MiB
01ke5622.copc.laz,QmdhdNSCARAMJsAZLhFyrcjNJcNxKCNfnqCsyLNZaQShD3,251541364,239.89 MiB
01ke5624.copc.laz,QmQMt4H17Z1JsXcGrj5VdGmWgk12TaKmyA7xaKKEFJzPYT,256790980,244.89 MiB
01ke5711.copc.laz,QmXFNBrw3orTGZpQnnSKaUSd26b9wQWBwBpYRuF7cCxqfs,200652725,191.36 MiB
01ke5712.copc.laz,Qmd5n2oqHs5CsECYYv18hmQyZNNFQVmGUxRs3MEdBnffEm,152665900,145.59 MiB
01ke5713.copc.laz,QmYsShiUq9a7RqnQ5kNTbboZjPndtti9mFpQfQSNoQTEKv,234911350,224.03 MiB
01ke5714.copc.laz,QmTJEMHsqMW82NegJAqR5Q9HykyaKkKEBqEwfyRJbhSweh,235151974,224.26 MiB
01ke5721.copc.laz,QmYs5GRx3YZw8ir3FikbvZn1BGPvU4H8khwgv5yMwSCbRj,11849089,11.30 MiB
01ke5723.copc.laz,QmdLafwmWyccWqzR394nD9SfHMerqhonRDES5HPFqBau4m,110811897,105.68 MiB
01ke5724.copc.laz,QmSyXoomKDx2Qq1LX6EQjL4YGtowRZyi7swcqGqWGmnmWL,719853,702.98 KiB
01ke5731.copc.laz,QmPehgLAvaw2qv8fYJ4bszxHUCK7TqVGqguc3wLEHrJFgM,238170032,227.14 MiB
01ke5732.copc.laz,Qmc4rKYAphk1KoeKiHWpJBT4QG7CbVCk6YMDjrxJbeS4Em,232569407,221.80 MiB
01ke5733.copc.laz,QmPSfYomRVEZFtRcSX6R8DyZqQsR5QpiEdJbR5NW9NKLxU,263948172,251.72 MiB
01ke5734.copc.laz,QmNR8iFpjDeXK8nBicoAhUSRBUfZEL9TTP96ahASLbXQUS,249702489,238.13 MiB
01ke5741.copc.laz,QmazXWj3Jet8am16X3m311UtL97gdEQsZh91C7WGevyGa4,200037552,190.77 MiB
01ke5742.copc.laz,QmNehFHe1Cm6RAjqyKSmn3QLfJNZq4aVnESckUSwYqVrJV,92801354,88.50 MiB
01ke5743.copc.laz,QmdQMcQKwsSALHh1dVvHTq35khxYdxCRArpetgL9ogAGph,238378648,227.34 MiB
01ke5744.copc.laz,QmTRPWat5ncWnwnBdBJbxJ6PqeYf1Twkd9H1BLLRnBfEzT,197491672,188.34 MiB
01ke5811.copc.laz,QmQqYuLZqDwKG239RgY8BZcgxzhyF4kNCDr8T5NKHBNUDQ,10202839,9.73 MiB
01ke5812.copc.laz,QmVddeJFUoFewsyDVb3MzsR2MWiG5MPnzqBpCmAWT9Y4Lo,7996768,7.63 MiB
01ke5813.copc.laz,QmT8mY9y3hs2FExSANtzvPLM3cLoMvkrFo4nt2hn6Ls16Q,45995360,43.86 MiB
01ke5814.copc.laz,Qmews4v1Lo24E6mT6E98Qg7tj1zoR6WHUHzSdCKD6ebx5u,102435655,97.69 MiB
01ke5831.copc.laz,QmV5zUNDsyXbeLq3ruTjMsC7NTQ2RDD9CFWzvbgfXt6we9,11807109,11.26 MiB
01ke5832.copc.laz,QmZxbBaawgcLyfHrKaipx77VPbjfsKD1YU1UTmqU5mgS28,140944208,134.41 MiB
01ke5833.copc.laz,QmcUYvBX4d43wV919cBQLaJ6hFGrEgZpr2tAoo78uGAYwk,59874857,57.10 MiB
01ke5834.copc.laz,QmP7LuUs7UTqz6kAiH4bU6tbjJZhDooaoyFhM1HNaAeQW8,228841131,218.24 MiB
01ke5843.copc.laz,QmVUK6Ec2EoASi7v7Ph9gn6ESswSQ1kC9pbbTKHq9FsRcd,197163576,188.03 MiB
01ke6711.copc.laz,QmQmHLR5K29KGraD2LtLBtvPgpiUi4Uq6CP45vGPhywWxf,255296579,243.47 MiB
01ke6712.copc.laz,QmcWhTgYA9qE9gvV4pwb4HvEDB2tEDRG1KnFRAXG2xRJKy,255673581,243.83 MiB
01ke6714.copc.laz,QmT4SJKSSzCLcuZsVC2zHrZeXWHE7gRwKHtV9HMktDLxcW,244386809,233.07 MiB
01ke6721.copc.laz,QmWT8Tj853XfBqRC5ECaa2394dPN6ECZz2iWW4Ls3YL8Gz,260404748,248.34 MiB
01ke6722.copc.laz,QmUMHHViHscNPrgj9iRJFRUtd8mDRY3C9YabHK1nCLi8k3,212770814,202.91 MiB
01ke6723.copc.laz,QmQhqVtaXh4ixdNt7Y9skPAWoQYfeNqx6DA3tzoyY6WyGJ,251874812,240.21 MiB
01ke6724.copc.laz,QmSZvcpPRu7Fjeki3s4p6vksVcmdHznDBExgetaLFiMv7P,229485067,218.85 MiB
01ke6732.copc.laz,QmcXySFWfayWdH2hSxGRRfcoXVPm6S6R4syDgEHrE4yEdD,227529174,216.99 MiB
01ke6734.copc.laz,Qmb8r3yt4MxarSSpRzfdkbnWSTRkghEPAh1kJZmfD7ryfT,269320035,256.84 MiB
01ke6741.copc.laz,QmPQaoFvmgwm9jSiQQVtKzoFXW4RYewvemip44PKTpBUjw,224821157,214.41 MiB
01ke6742.copc.laz,QmSjpsMRGLzpfN73rCf8U7N38E5AjyovQXhTrbz1ite4UG,228145994,217.58 MiB
01ke6743.copc.laz,QmdCuGPKyQ1bR1Eosv294bFg4rUH4tKRu3EboDPL9rpg5N,241297768,230.12 MiB
01ke6744.copc.laz,QmcZjm8AQJ7HLJQDDxLpAXyRFAjSQacwwN7uiywTwhQ3Ek,212489098,202.65 MiB
01ke6811.copc.laz,QmUv4PU8D4ScTwqYsEKNW6iEJdpVzpUrheWx3KTc8HRz5r,146411220,139.63 MiB
01ke6812.copc.laz,QmU9bV4dEug1uC1AAS3aLqZ4vDz1M2m7k2kCiwqp6Ukn1q,193747055,184.77 MiB
01ke6813.copc.laz,QmdVsEMM24YrreNUoa5gJjbW4rbPBhZqs8urFTXWy4cBuG,206168027,196.62 MiB
01ke6814.copc.laz,QmWBEHacCpsgYt1stGGNc8h4eQy8MCdM75AYqWTSBEHC9U,253395178,241.66 MiB
01ke6821.copc.laz,QmcJ5GU97eRgBzJJvJHY26NvLDzeu1V6mmEYZntVfsmXmA,215187727,205.22 MiB
01ke6823.copc.laz,QmT224qnenYqcP1bRMkERx35RnbehSMMhA3eEwTJb5c1py,235395413,224.49 MiB
01ke6831.copc.laz,QmWqdeErJvyzXjiGCwsp8j2ogPxS3XAKHVUubuYUdy7WZx,228717276,218.12 MiB
01ke6832.copc.laz,QmUUecPA49LEmhJUjLcmCHSTQSQo3a3XoUN1dhzjUdNpEW,252989096,241.27 MiB
01ke6833.copc.laz,QmetnezA72znkueZwHPfPWFvckmZMvFPavn1nE8k1MpRNb,227475414,216.94 MiB
01ke6834.copc.laz,QmZZ11RJwFqag9Dfj5kR8v8W66DvqxhyJTQwc3qQRggxfZ,234779276,223.90 MiB
01ke4824.copc.laz,QmaDeGU15aEnw3yHfzuAFUki7xFMDNemMPH5DeXn2dB96d,50874110,48.52 MiB
01ke4842.copc.laz,QmYswPd2JwamanwgjtLXnpUmVteLBENgR7rjncMyptQJLm,103678400,98.88 MiB
01ke4844.copc.laz,QmeTRDVMQ4C15XZRm3gQ7KHGrTWmEnvMyhZAg83xcc4kef,84219523,80.32 MiB
01ke4931.copc.laz,QmZxkozshij1234PpxqXCAmQxMvVErfTuYEr638BN3y4em,60821729,58.00 MiB
01ke7722.copc.laz,QmQgkejupT2vwtkfF8kBpozHqPs6VJpFxeAG4jojxD6hUs,210256643,200.52 MiB
01ke4933.copc.laz,QmQv8wRVYkE55rsfxtWbyz1poR5sFnpDDRoHhjYFXQGSaD,74394463,70.95 MiB
01ke5821.copc.laz,QmaUaWfLLhMFeb72edLhfeC3C7N1QcMHFHmMnfkrKwAhnt,33194291,31.66 MiB
01ke5822.copc.laz,QmNfx5ABpJoUXZHx5DXKUFA4iLGGQe9brgcwWGNxzPBdCR,212243054,202.41 MiB
01ke5823.copc.laz,QmSiPnQhDTko3G5wGUZ8WAUfwp8EtAsTv5v93FzxVGVRiC,48212080,45.98 MiB
01ke5824.copc.laz,QmTAdtesSr4C3cjExKtikEQMptCGDouJAoZwPZ8E58W9pH,268468172,256.03 MiB
01ke5841.copc.laz,QmTXVuXJzsdgWTTWzdCEfxqb7aaJWQbgfEad6qK3p5LxX6,118765217,113.26 MiB
01ke5844.copc.laz,QmZira2EvZedCnAQWkqGaVHt5XFpciZAkGQcWphrwgutno,254954803,243.14 MiB
01ke5911.copc.laz,QmU8zgdjpK8d9RZsiWkAQJygRAg3x995bT6qGxSNKP7Eja,138114610,131.72 MiB
01ke5913.copc.laz,QmcDLw3daLBLBRTLsuj2C2LtrQcdBzHvVNpnx9PPZp2NuH,252975260,241.26 MiB
01ke5914.copc.laz,QmSYjegQqohZ6LSKP2gf4u7brukhMpPk2zgx3qfiJFdSZt,5066455,4.83 MiB
01ke5931.copc.laz,QmUJG2LYsSV6TZCirRCukH4Ke3CxSboPMGPBcPQE23dhtS,270059060,257.55 MiB
01ke5932.copc.laz,QmXTYojnkP1M9LJLP5HgrYwF782tAQJ1qrX4rTVywmK1hq,77453790,73.87 MiB
01ke5933.copc.laz,QmeXBtyx3f2XoQ1bEsfo2t3y3qaQnoTY7GpVKV3DRF5QgP,237214411,226.23 MiB
01ke5934.copc.laz,QmcjC4peiCTrkHCotngMPw1Kve4aVPW3CM4AEh1Tqxa1sJ,213445784,203.56 MiB
01ke5943.copc.laz,QmfWqi3N2WLphgW49qstpcJpGnxZm3RySamMjAf1H3MJpv,60806145,57.99 MiB
01ke6822.copc.laz,QmfAWkE3LcMcZ8XVYT8t1HcExqfmWdNaxA3Tf9S3MeY6FF,246469278,235.05 MiB
01ke6824.copc.laz,QmVd3nqMfneMQjUpRt4wTPMRxYVp6vMrGbWp1KnE15xC5f,230658048,219.97 MiB
01ke6841.copc.laz,QmV9BYixsHNaifZgeeVMWjnCFpMcA1BwbkyPFHRnUti2yd,219242738,209.09 MiB
01ke6842.copc.laz,QmXejcHfnsPgKerFTsERGWvrQcUvMdSouH8eZPseW8NXSN,208468871,198.81 MiB
01ke6843.copc.laz,QmWUQbSPPAaorpCZBoZsdchBxgBXSPfzFaXpLZvV6NGbCD,223867058,213.50 MiB
01ke6844.copc.laz,QmbhQiGWrpveSgzJJk4J9vpv2iqpYwyJJtoCTEqkUom6W5,218116807,208.01 MiB
01ke6911.copc.laz,QmTToVnkCndy9qFLg7cjpivuSN5NRYVJoKT9GZc6vBrAgs,277938875,265.06 MiB
01ke6912.copc.laz,QmbNnM8GVTsMu1A6FwrCUbHAr6pzdtgKXAnHMkkRwWFHkb,253280918,241.55 MiB
01ke6913.copc.laz,QmeZmfFb7Nx33QiZUk3Ss5gWgsjreVL8sKCXa5xiCz8Jnp,233121788,222.32 MiB
01ke6914.copc.laz,QmWysmVsnz7wi1qLEHzGyD8tNviMuYAoReYce5kU3Cd88r,226308872,215.82 MiB
01ke6921.copc.laz,QmbuauzjTNz2UU38dHANDXPUAWxCSRXXrvMhu8aHeLFgqb,237557977,226.55 MiB
01ke6922.copc.laz,QmVsTEog7r1fCmrAvVeHPWpiLxRgyVFGCTRLv8TDN3V5wq,13436352,12.81 MiB
01ke6923.copc.laz,QmVscbtiBqTiQ4Qj7jzkAP4RdAxYLTUBow4Rw2A5ctF9FK,297665162,283.88 MiB
01ke6924.copc.laz,QmQGHDJa2HJp34TMLtkoPxZasVbuhiq7Xp6S33LWYwpyCJ,137776331,131.39 MiB
01ke6931.copc.laz,QmZtXf3f3t6eEa9bzSPHawygf7BREAddAJfkt5z59qWk6r,203832563,194.39 MiB
01ke1543.copc.laz,Qmb1y2LGwKFB8hLu3kMGgZwSCCYkYDyMMJKtkWX3gv3x8A,47538939,45.34 MiB
01ke1544.copc.laz,QmXgmGjmNGGdA4MR1HwCzr6pN65iBUy5HHzY5CRN4PPg5Y,156125285,148.89 MiB
01ke1614.copc.laz,Qme8TyXmBqf6Dc7jo8oinoQomSLRi7UzKCPNvU9a4LUaQj,934379,912.48 KiB
01ke1621.copc.laz,QmakyDhwGiSYVf6APVbQX5iWjSaXZhu1vdiDpKkSydB9jo,6562513,6.26 MiB
01ke1622.copc.laz,QmY5P8NKDjoQscdczH9rVXoSVGwjKRQVzCdbUokMkCq1Kq,60649460,57.84 MiB
01ke1623.copc.laz,QmWePAGby2frRryEfUcxREa5G8S5Vs8dDFHtE8JmjudGK7,136524682,130.20 MiB
01ke1624.copc.laz,QmbJdwZVLM2WkFpFiYoR9ETAjQeCT3TAtZ8saTmfFUCvDX,256786526,244.89 MiB
01ke1631.copc.laz,QmSBsf47mpZ7WrcCJFWEsWNDVhw8tZX3ZNXwLuDK7CqNGE,78321194,74.69 MiB
01ke1632.copc.laz,QmaLL2BRyVu4CLZL1VgFdV5TAEV4fkmxCyM8P3G3iEpa7s,184677699,176.12 MiB
01ke1633.copc.laz,QmaExVaoxRh5kRn7DmnPtmqR7U7PiaZwor6bSsojNDDFHG,267541553,255.15 MiB
01ke1634.copc.laz,QmSUe2rASjTMbF9FfJeEBf6A6YBhmsfmVAKUwe7bfgGPeQ,254896238,243.09 MiB
01ke1641.copc.laz,QmbMuXe5hNqHrUALRp8ahkvtU4MFcZ3RZn6c3sCG35YiYg,236843628,225.87 MiB
01ke1642.copc.laz,QmQu4quHGo9fAjdDTCg5hv7bS9eDBEWVRFduMN3VagBHYP,212712627,202.86 MiB
01ke1643.copc.laz,Qmev5rARkQKPfVeYKCBt6K81rsPXq5FcUV4ASTRNpkKSQ3,181647278,173.23 MiB
01ke1644.copc.laz,QmagMrXXDx2bNRHCadT1p8hkJCi6zcdGLFcnmRuhJtgVad,32520883,31.01 MiB
01ke1711.copc.laz,QmfGB3K4v4hQgEj3rXmzM7A4cXXwYmTtCdcwEDTs3o2JHx,887076,866.29 KiB
01ke1713.copc.laz,QmaE4XwtszKqHMRcnVhvBLP7RXtrd8mRgTLpLddyx98yYH,154796615,147.63 MiB
01ke1714.copc.laz,QmR6zNYULmYMsLXGd3yXNgAeyb4f6wqaoRimxSB1Z1YpAk,5157525,4.92 MiB
01ke1731.copc.laz,QmYznyZ9Us54vBvXLHKnenF2dA4TNmLuLT9JYSyn5FNW4o,221192370,210.95 MiB
01ke1732.copc.laz,QmdjebuepGy7MvZhW4xq3F1CnxG3wqve2TgGP61VMHajCd,105128689,100.26 MiB
01ke1733.copc.laz,QmQNq4yoQ3ZLQs1koTLDweru6e5TJXcDF4kZjPEv3zaqcW,235033860,224.15 MiB
01ke1734.copc.laz,QmXxCVSkj3DNiXwXxAELEMj5jUoMn4a2hJd6jd3iCJtnf1,141176397,134.64 MiB
01ke2521.copc.laz,QmUviY3yBkymTzT1XL83HwZubEvZSFZQng471rjCheue8d,156300333,149.06 MiB
01ke2522.copc.laz,QmZAJS2p6efD3PKTM3iuPPpgeRxedWCj5Tg57SqAasGBnP,247423662,235.96 MiB
01ke2523.copc.laz,QmULyZCs7JW1bhs71x8yeHjhKcxygCpP6nAiYEJtFfMbUu,179814996,171.48 MiB
01ke2524.copc.laz,QmNVU5Pq7JPczCJ7qiqjy7W8vrZhdYjpT5A1Jn9Tj9ddWy,287663691,274.34 MiB
01ke2541.copc.laz,QmcpjWw6GyZH9yQW5vfqfF6T8k22CJHWDn8Z1KpXVNWmfp,234841950,223.96 MiB
01ke2542.copc.laz,QmckjxtpfdVrY8qkYfoFF9vEmSBsopyPr1HrktdUTjCVvx,274744316,262.02 MiB
01ke2543.copc.laz,Qmf93dtFdPZwvywRgB9CrukSpMaEG9n3GMiJFxeSkzJqRi,162438730,154.91 MiB
01ke2544.copc.laz,QmZ9bz9psL38Gfvyf3fz5cNfDuY49fJpBKJai6nRettL99,288682524,275.31 MiB
01ke2611.copc.laz,QmTuwge4Dq3Z9LgYS5RcUErdNr17dVTYE9rZFp2P9kfB48,263057990,250.87 MiB
01ke2612.copc.laz,QmXcHqr4YVyY2B9MyLAaMBGQtAJB5t64THosbKssS4PHmC,260121893,248.07 MiB
01ke2613.copc.laz,QmUxXj6WaDRwY5xQYC53JNtFkQQtoNi3tTwbbChrcxWiSX,273215432,260.56 MiB
01ke2614.copc.laz,QmaAvJizUR24aacjYRbm9vjzsh71P5JuNi23AmE42yneuJ,255548433,243.71 MiB
01ke2621.copc.laz,QmUAzZkqnxoqU5QpvsL5L9oGJW1nUsemNrkftq7yAMcRpb,122968518,117.27 MiB
01ke2622.copc.laz,QmPEeGNrX35NEtBbJiBdr7WNWkhhgjXJQesvVae3PKpSkv,58526950,55.82 MiB
01ke2623.copc.laz,QmPeQeXC1XhVc26Z5CdcbsX8tut8sj34sUFri8d7UBNKmV,143461780,136.82 MiB
01ke2624.copc.laz,QmdkyLT4usH9TQ5DNaWhuEatQYsL4KBhmJ4QkSdZ531dJQ,43796611,41.77 MiB
01ke2631.copc.laz,QmVw47eke7KvbFQ6RKZzEk4GJ6yAxjTSB1BrPyLtmvbvuk,274708483,261.98 MiB
01ke2632.copc.laz,QmRoAYGiakZJHGk2zgucDFenjTvdTz3SiifHPNfLVA3nit,258476242,246.50 MiB
01ke2633.copc.laz,QmaTXWJGaj6Qck2FPYLdzHH1uwuifoBRvFpyvwyzzY6UXD,257396361,245.47 MiB
01ke2634.copc.laz,QmUKJrViX7REP4DC2saAofftD1LhDycqnYWkvM8Ec2EmgC,257090226,245.18 MiB
01ke2641.copc.laz,QmPwLRZGGpmKMfSE7kFfe6AUngLCGDnJF6D2NN21LdauUu,199887847,190.63 MiB
01ke2642.copc.laz,QmUrEH3ShCGJPY8sYL4wgFY5xMvNzJREv5UYa7SrjKdGFR,12459715,11.88 MiB
01ke2643.copc.laz,QmdgQbDyPaU3WGPpPc7KgwmComxFuRGpegegmunecK3JzL,235321365,224.42 MiB
01ke2644.copc.laz,QmR1UyFMt3b2cYQQVwccJFgbCFJer6JnKYL28xLD6UpP5Z,13666643,13.03 MiB
01ke2711.copc.laz,Qmb434nhgeKS2iTzVnhPY21ZKiiYJ2M2VaBcDiEMXD9gXu,235910477,224.98 MiB
01ke2712.copc.laz,QmRAuryBqwP5HM1HWDMuoANjR2ySDDmyuBkpjW2ZAygB4R,152057803,145.01 MiB
01ke2713.copc.laz,QmRFCNGxT9Z74JCjFXBLoPAbBeB6fQzvk1zD9J7CVWAdTT,186250107,177.62 MiB
01ke2714.copc.laz,QmfGuukLoPGraVPc1CZ1uSgRd2RhzF6fahTZBhw3eJeJX5,115423423,110.08 MiB
01ke2731.copc.laz,QmanAfwaCd7uox6Bi1fauV5YrsXpxUnkf6VJW7hZcG65Ba,186702904,178.05 MiB
01ke2732.copc.laz,QmZF9tXaZ19JitpGeU1Pxj27s8APCzK6Zj8enHuHUtpx6N,112148563,106.95 MiB
01ke2733.copc.laz,QmekJgzFs7HdqUgCEALckgSXbzUuo2qHi6ipCegnWDWBiE,240548819,229.41 MiB
01ke2734.copc.laz,QmYbb2otdtoa2mmtk5KsJ2hU1FgVpsvLHG7ZR1hRrVQ83A,63964326,61.00 MiB
01ke3344.copc.laz,Qmck1qifmXECmGgwBgmwpTbz5qCEsYJjwoAMP1a4Nfucvt,28822354,27.49 MiB
01ke3422.copc.laz,Qmc91hgvQSZT163oj8be9dM8k61gTfBFdE1YVbq67ijTDu,8093655,7.72 MiB
01ke3423.copc.laz,QmNvJUPWd6SDyyT9Tw1cy9fx4EtNPMgYTebKyNj8SwUAgM,23030932,21.96 MiB
01ke3424.copc.laz,QmP7KzpPxXHfHxXcAemR8i3XX8BsREPxwrZHxbEUguxZbU,157675509,150.37 MiB
01ke3431.copc.laz,QmcPqrk1XfGjPNudiK2sBSDmihWMfq86cPXnx61gng3RAx,88930051,84.81 MiB
01ke3432.copc.laz,QmeSLBX6JDsadMYppxbX7uCgw9RFAa3r3Bu6L2zmxWmD5Y,197780578,188.62 MiB
01ke3433.copc.laz,QmbubemzX9PxkctGz45E7Toiy9ctHEd35yoSrZQyHghDSA,247113113,235.67 MiB
01ke3434.copc.laz,QmeoJa8EPdXEo6jAFGMRZJiLviqDDnVH8oFocfUicmMSXR,255606667,243.77 MiB
01ke3441.copc.laz,QmToXkqTJVqGF7UdsaSXnrduys1Ej2rHcStnNpS9Mgq8ds,223977631,213.60 MiB
01ke3442.copc.laz,QmVwRZuQ3YkwLxqJ7NWtyKekmakehYvyvwKfpwk5FtVtXA,231724464,220.99 MiB
01ke3443.copc.laz,QmcaYVaqJgKFnesDxYUJ383qaoVVDX9BDDo6nqokUX5cuk,239037899,227.96 MiB
01ke3444.copc.laz,QmRCN1z9AdqqV6ua5a51stMxVas63PpuxL7T2dag3Ej3Jj,253437535,241.70 MiB
01ke3512.copc.laz,Qma2sYwN8Yo6b8xD7zaY9mNfYPDP8t4DBvZmgTTfSibtbW,66721933,63.63 MiB
01ke3513.copc.laz,QmdN66DVgNWFPHhqaG8PhNwWzSaSGzPbnNpuqCEVK7J3h7,231047993,220.34 MiB
01ke3514.copc.laz,Qmb1kGaJJCN8CZcZV4S741YbGRy8v7mXWcofdvNSiCPadf,286290700,273.03 MiB
01ke3521.copc.laz,QmSE9wzsyNKnnzH5MQ86DpuqvAwGCZzsCXfmxRcyK8GptD,207629307,198.01 MiB
01ke3522.copc.laz,QmWpDEcxFk6DASz5mezC1S3by3vSaJM5fiK3Vms1Kokovg,266744945,254.39 MiB
01ke3523.copc.laz,QmeEfBrqwJtz5hmC5ZoTT2pC7yYMuDeNrW5DbjQ1agyNTr,332786482,317.37 MiB
01ke3524.copc.laz,QmP7mqmn5Er3y3yqERcWq1ucomCHmLHMWERdrnXf9WXyHY,260740629,248.66 MiB
01ke3531.copc.laz,QmTiwSh2WbkW6kHMz1ubXxV94nGtywSr7ug2TfQadDUCs6,284036743,270.88 MiB
01ke3532.copc.laz,QmeNPPzWNmbunTGtHhnn4b2TR5utCNZPFgTyeBPTkup5p9,264685711,252.42 MiB
01ke3533.copc.laz,QmYnAJvtpHPBhFX5XsuUcWpxUeZVeJXa2XLfF4MJDvj8Jt,269912373,257.41 MiB
01ke3534.copc.laz,QmTuENgrPEUyd2Xo9rzzWDENCw3Er7gVfSYvuSsgMRgCYK,267086724,254.71 MiB
01ke3541.copc.laz,Qmf2SWht75bEUq1tWEaPnrKd1gM6zanuXbwnGm7aX8FCWq,284941869,271.74 MiB
01ke3542.copc.laz,QmP8AMnCn4assVuVfUywzYwQHfdGEUrzZJSB5hxkVR4PQH,254344659,242.56 MiB
01ke3543.copc.laz,QmTGR54oG5yGsJxg1Zv6j9rao95bsHRqk6hssBNdCKzLm9,273017047,260.37 MiB
01ke3544.copc.laz,QmZ78Pwe7UU79skoLHbrcnJsmgpZNB11C5RU44kCLXqaxX,253104819,241.38 MiB
01ke3611.copc.laz,QmTdNT4CCLZPLBBkeBE4NuLXiDbJw43riMot6ViPAqe9qj,278030406,265.15 MiB
01ke3612.copc.laz,QmbEaUYNzmdQBXM5btzz8cyCnCmXPxe4LffhdZmGZfxAEc,261436842,249.33 MiB
01ke3613.copc.laz,QmenzACVPLwoANC9YHW3KPEe1dX3u5ZSubePoHbYcSaVoX,263112834,250.92 MiB
01ke3614.copc.laz,QmaLSZhtNgwKmNLKHQ7kyXzPdR69wq3tx7am8HV4xtBUVU,267867627,255.46 MiB
01ke3621.copc.laz,QmP3dWo2WwPqkt5uG8rBgVihqm3AXnRaesRkq7DxVGozBJ,179355382,171.05 MiB
01ke3622.copc.laz,QmSsknfpdL65fJKKoUeKjb4VqpGev4R6MN98FVVyEE5PFt,62277684,59.39 MiB
01ke3623.copc.laz,QmShaG7mBKcdtRgt18sSmQRFpEHPjHme7T5KsTo8WSQy5Y,151169306,144.17 MiB
01ke3624.copc.laz,QmcbiFNhFfrwPpd4yJYbgxg55hzW9vU62q8auaP7dkPchs,92928686,88.62 MiB
01ke3631.copc.laz,QmW6Yey13LyiWYcu325pMpowx2teAPoov5NcaWhnCPQcM7,266903370,254.54 MiB
01ke3632.copc.laz,QmUV81f2cbNYXKoigqyFYZuSxBeG4RPJKgf7LAhPbq5E67,272456750,259.84 MiB
01ke3633.copc.laz,Qmae2wa9TQQZnWS6QaGiGX7djvd5j6u5MySzExEyDfE77g,244180915,232.87 MiB
01ke3634.copc.laz,QmeyFtx1EVHFjz2d8evtztNgG96jCMzXsVAEH5ef9PXS5B,241351737,230.17 MiB
01ke3641.copc.laz,QmQnd7XgwYTggENWFzztiMHNj97VihcyizXWv8jvedzY9N,211803855,201.99 MiB
01ke3642.copc.laz,QmRX75zPJG4QMVv79mUHKrY6hK62yYYGr8Uzoq46ALZRJm,200368898,191.09 MiB
01ke3643.copc.laz,QmUcekPQZKZC8bRphu8kQiXK1wShsu9VP1rfvUeDnxDQTG,216653319,206.62 MiB
01ke3644.copc.laz,QmdgV2V7xJKKGyiy6xQkmbB74HBVXBzfu1YHoLpkzh8HYS,282262725,269.19 MiB
01ke3711.copc.laz,QmTNwKL4HkpJMPUnJa7UFMuuAnqTUqqBDpEGVMdYbbnZ4S,115138748,109.80 MiB
01ke3712.copc.laz,QmcoC5QUcAYfh5jXxhtYPpaZwgC1HJdQimBScxNUSRniYT,69543,67.91 KiB
01ke3713.copc.laz,Qmcz9YqERsobf1CydToNjyWrFSHddd6umHWrcGa8gdMJf2,71421893,68.11 MiB
01ke3731.copc.laz,QmeFVrM7573CWQMkdWSWUTy7KPde5PPwAxg2Rt4kbimXT9,106082721,101.17 MiB
01ke3733.copc.laz,QmNPq9Ro3s5cpUBXPWoFgUcn428L6GNX5bJxsxx5qeY8bD,172586008,164.59 MiB
01ke3734.copc.laz,QmaBYHEdGfqdiY92TCB5KG7TZUUg5Ny7GhV2SrTZdxeoS3,6882691,6.56 MiB
01ke4211.copc.laz,QmT4UD9H5wghMnwHQUFDhWBJtHvV925wvgGZJomNpkR4N6,6165857,5.88 MiB
01ke4212.copc.laz,QmSY4ob4DJL51orm8NKWJ3nY9GsFrA8sSaTXCvn1w1S7BY,97951527,93.41 MiB
01ke4213.copc.laz,QmRBgZPgFw4ZofWYVCJwS4jh5vXiLQaFb77n4jvyREz8us,65378898,62.35 MiB
01ke4214.copc.laz,QmNow4tx54qXG8smQ3PdLJMxuzRpkJ3z65QwftMSg83fo7,88103643,84.02 MiB
01ke4221.copc.laz,QmYzwu1uZQNyXCMeWNZEkjgFgLMwypYdoGtkdRkBi8h2VC,1827167,1.74 MiB
01ke4244.copc.laz,QmTvxKrGiYFwaXj6i9skGy4V6Ke9JjEKUeZ11wobWrFR8v,1219205,1.16 MiB
01ke4322.copc.laz,QmXDGFvoYtM3iEvG6giU4bYBfD4pFucSxVwpzbbc4egVZE,1365043,1.30 MiB
01ke4333.copc.laz,QmeiRiSJFMvetonNGGs4sBhGzMzqHL5Sk1TaHUey6kvXK8,14770108,14.09 MiB
01ke4411.copc.laz,QmYJVyQVjYDvAd9N4ZBFPDaGGeqyCBYyorTSZ8jERzVCQx,206745189,197.17 MiB
01ke4412.copc.laz,QmaGpYhNyuSA8PUPScHP3mtq2bwKeUoBchpda48YEGUU4Q,271989595,259.39 MiB
01ke4413.copc.laz,QmXdQdkGf6fjg4cpYoWchBUNgCLUmZHFzfniytWkRv2Zyb,57776565,55.10 MiB
01ke4414.copc.laz,QmQXKiNppKj7kukh6UginawwQzroakB5HdUm7mxhY1iGZ7,216383403,206.36 MiB
01ke4421.copc.laz,QmSasHHwio1tvrQJsgt1er2E935cbArc5hGXXSFUtYHzx9,235390123,224.49 MiB
01ke4422.copc.laz,QmRZZJCDEWc5jCD9sZv8VVdeiMAj5euw2yA81zZahc7j8A,237318263,226.32 MiB
01ke4423.copc.laz,QmU5e22RPyzXdAKx5NA7cJ77pkiEs98dMzkfbeBRcEfbxc,223953454,213.58 MiB
01ke4424.copc.laz,Qmdbef8Km2kEpaNPCHbXyzjGEhMzWgUeTbkwdZYiJDP9Ty,222782631,212.46 MiB
01ke4431.copc.laz,QmcnZfWHutpETTBvBSbwHfBMJ4VrSPwLZRbeHqEk7DaxZK,53750896,51.26 MiB
01ke4432.copc.laz,QmeDttHffgU4nNgNN8nJd8DghX9y41pup11SMDLRxsxMdo,255637243,243.79 MiB
01ke4433.copc.laz,QmSTRE5cP4SSbaFqCrCeLB9ujap7GgZrqNtVaT2YjoRY9U,86826499,82.80 MiB
01ke4434.copc.laz,QmbETFe2EzsnDpGnShA3bWrjELu5ubrGUact5k6FgRwrYB,267452871,255.06 MiB
01ke4441.copc.laz,Qmb91aqrQgkaVgLaLLpPN4ah7f4pQSVS466w2GmRy2hLWp,243253148,231.98 MiB
01ke4442.copc.laz,QmegZqRUkowx7Bkk7Cr9XKn54csCPs9ebmGTCysDzm4oK2,233976615,223.14 MiB
01ke4443.copc.laz,QmZj1EPdrzV2htUtySKXbjAstTQfGt96uBRSdoE1THWEZX,284031694,270.87 MiB
01ke4444.copc.laz,Qme8Vs1fpTxeYNcS55UrZKFKfzF6hsubX13FvWDdwWJ9U8,267286911,254.90 MiB
01ke4511.copc.laz,QmfMD1quRKamgkLtb2ufymnHGBiJxNRm88TUFxZM3cRvk1,217374293,207.30 MiB
01ke4512.copc.laz,QmVLKytvjCXS6rhx7p2zGeEh3wUViNquDexxapQ9Ahk7jP,269426533,256.95 MiB
01ke4513.copc.laz,QmQ2Froq6zHtSZ3GQuPYMuxyENB1QdDL1bbrwGdZfbrfpA,167576357,159.81 MiB
01ke4514.copc.laz,QmP9go7Xf8sgMUWtTg53ebXYKfmhBQtmtesJn9SD7Fra8n,238135566,227.10 MiB
01ke4521.copc.laz,QmUW4ErCaCf28U82GtaWvBnNVzGDMCgy7m8a5gXnk825pJ,248641432,237.12 MiB
01ke4522.copc.laz,QmcptV3KX3cwfJKu1v4eWWGXEMrnabN4jaDXaHz9ci1VNo,260496434,248.43 MiB
01ke4523.copc.laz,QmTpxC99CxMsEY2fSgkwSmRrDNeKvg7wTuP7Gd1LuxPTHM,268072772,255.65 MiB
01ke4524.copc.laz,QmcWHagWdzBgQkpvNKaUf7qpdQvZbEmhpcMKEqKTgRgVfA,280903396,267.89 MiB
01ke4531.copc.laz,QmZjBozFC6tLAvGdcw48tD3V5V4P1H7YeB6rGbiCf8txdW,239287763,228.20 MiB
01ke4532.copc.laz,QmPf3fRZSryBboTMgaDJcBqdv5SisfNJKmKJxMiwoCc7T9,245424393,234.05 MiB
01ke4533.copc.laz,QmYuud6731C81LeCp7CPt78S72pidoztzzuba2ivyAijVS,241118336,229.95 MiB
01ke4534.copc.laz,Qmck7nrxhDSrjgdg7crj8FWcJEEMyXmuoCeG7WuCpfkiZS,242677927,231.44 MiB
01ke4541.copc.laz,QmWnRqqnpmfxgV9Z7SqWgCVXXv5WgyxFL2rxQU9NZFZf5u,254983635,243.17 MiB
01ke4542.copc.laz,QmTb3u4pTJtjid8vq1Heq1zCsGRudeeAsLpHp1GVsqGg1Y,262483294,250.32 MiB
01ke4543.copc.laz,QmVAjyCv4tuiJLeMBgZtyZ5kYXoBVZQ9yjaUqBjtDKzzg5,244073648,232.77 MiB
01ke4544.copc.laz,QmR1wB328W6ucwXAY6mUMb7XkT6r3yctTmQrRtMEnDDpjG,260108473,248.06 MiB
01ke4611.copc.laz,QmeeDqrGSyns9Z3RzgobVMjL3SemPzF3VF5L38g64HQJLs,249270001,237.72 MiB
01ke4612.copc.laz,QmQLXFHNh8R6SF7g2aGHJD7YYsMQtTGUyvTsRfNuo4Haf3,252266092,240.58 MiB
01ke4613.copc.laz,QmZjx4LAhFeEspDXHSuZLGk2yiN7tEkFhEJ5xb1WeTbSku,258140487,246.18 MiB
01ke4614.copc.laz,QmThxS5NNSKgf1HoZ6VYf52SevkWLqRuFytYVgkKczX7hu,264373215,252.13 MiB
01ke4621.copc.laz,QmYC8SHQ5vAsmz8joaRgWPuYZ5hf5WXnWhpZGvN7nogJRs,240820218,229.66 MiB
01ke4622.copc.laz,QmPPzDFhDkA4cj7pFUUjmRykDUrPtGac2Fvo8mZQPkSttJ,178710524,170.43 MiB
01ke4623.copc.laz,QmdeqZ6tboA66SdbuP9JrgYipG1gdgcyVsBJBWhSvPMf6E,255938478,244.08 MiB
01ke4624.copc.laz,QmTpPuqExvUu8Cszf33r7bBXUSScH79wRENKh1b9cMV11Y,79720644,76.03 MiB
01ke4631.copc.laz,QmYH1zH4yCiLNnheysQssks5TLTBXYs93uQSPksnnHdDbd,247920585,236.44 MiB
01ke4632.copc.laz,QmYzTh6KCCmcwtTdXfibcocCzdYKXHqC4tt4LL5a9thyyc,261058514,248.96 MiB
01ke4633.copc.laz,QmWPc8R8pnRgTeePwZAWP8aTKCaKm91PsTfkwk4p7SNoTs,257889170,245.94 MiB
01ke4634.copc.laz,QmXqLkAgoxBfLanpnnLqqFkW7VvZr37qByTnQpmQ23ktbm,235392657,224.49 MiB
01ke4641.copc.laz,QmaLD3TzLNS9VVkSfg8eMYZqv5FQWe4TnL7qfwLr91aVRb,244021928,232.72 MiB
01ke4642.copc.laz,Qmf8CDHKWCBvJnvuHgyGq2hxgV8P8WzZu8BaV9spNdALyo,41677156,39.75 MiB
01ke4643.copc.laz,QmaYJgpgwdvBZiyywp266TGzUs9mKzbG6T9n17ooC1MoV8,230161797,219.50 MiB
01ke4711.copc.laz,QmVm5Jo2bdA5cMQ6MCzGVTYjevhvbJeBmj3wYmjiVc3oT8,200481368,191.19 MiB
01ke4712.copc.laz,QmXiS5jnYQhEHZYPpLCmQxuwMbhFgk8LvHU6a2HcJq7n3h,2278,2.22 KiB
01ke4713.copc.laz,QmfL9q3uarPs55TA5XBg5uNY1dL6YYkKmbAPAPA5w7cTH1,64928612,61.92 MiB
01ke4714.copc.laz,QmZPjU9dw5DCQXkV44i2JTKPJHeBgpY2nVGdH8dF2A4PZj,1940134,1.85 MiB
01ke5321.copc.laz,QmTCP7UhMSrQqoNZmZpm2VJVZaHdcx8tNuQWZhsMkfbXhF,810672,791.67 KiB
01ke5411.copc.laz,QmPZPaBRpvVMxAHsEbMvmZmnGS7fPXczDg5XmZ2ifvpGTe,3900746,3.72 MiB
01ke5412.copc.laz,QmapxxnGv7eFbTGRm1bCdYCCNwYidjLcSLz5LmXLWAZ9Fo,330261931,314.96 MiB
01ke5414.copc.laz,QmcazH9SuFb3VHUhKPEHH395KVaQ6vx6VT3dD3TWKR1Gvk,294431977,280.79 MiB
01ke5421.copc.laz,QmVVWYnG9iM4qFjL59m32EkhuJpN25aRagmimQnFoDWks3,307917423,293.65 MiB
01ke5422.copc.laz,QmPeeg4Ph6Hv2J5h6Cs3fHXtDg6KeNZQA1kcC3VH1HkAra,239082149,228.01 MiB
01ke5423.copc.laz,QmWXrG94VYPT9FRWsfNd6iZoTin8x63nffHDXDn2BaUr6X,415084947,395.86 MiB
01ke5424.copc.laz,QmTiMUxtNdkMciKrSAmvBudManzNJUe5NWLStrFK4EHekg,303696780,289.63 MiB
01ke5432.copc.laz,QmZLAFu7GTsMmv5zxwK9WYxtsF5EEA6THeKgsbHeWCFy2Y,68201105,65.04 MiB
01ke5434.copc.laz,QmT7TnE2k5nxAF6hqKdq96fbSM5DjKAEBiP8DKZnffENFu,2014614,1.92 MiB
01ke5441.copc.laz,QmZZ5W8hK96aomiBUCTsxuABJMH18791MUXZb3mwpy4XbA,435565379,415.39 MiB
01ke5442.copc.laz,QmNg7kuD55JdCyywd2ynjXL2Mi17YyF7RyrjoEFuChehpw,365159197,348.24 MiB
01ke5443.copc.laz,QmcmxaHAxX8Pgc9FCBQnF4nUG9tZi47ecLj5Wfp7ws3TeH,151890762,144.85 MiB
01ke5444.copc.laz,QmSneKxQYanKzytKPWMJgGDt9L6PLH6qXSHdvwYJ5j3oDF,397386827,378.98 MiB
01ke5511.copc.laz,QmTC86PdL1djP2iDn9S8Jw6rravUVASw2CiVb3RpETJDo3,234835451,223.96 MiB
01ke5512.copc.laz,QmakUkcceENdgKXAvRYUsjzQb6VrVYBWHzztyUDqT6SRYw,249387932,237.83 MiB
01ke5513.copc.laz,QmTVbdb2pQ7YGS9V15kYz9X23E1rxLJyEiAU3XkVTQmGWe,256813081,244.92 MiB
01ke5514.copc.laz,QmYyp916UD27ShhEGHCsR9aKtuzbNF8xfGyM1KMFdB36tL,239117868,228.04 MiB
01ke6932.copc.laz,QmYUQ4DwuuRwxvYyddts96idrXQqov22tfYejb8iGPbwbg,219938817,209.75 MiB
01ke6933.copc.laz,QmZ8tZeSmGWzSDXWfcWcTi8vJP7tVMVz9rUZjZKX3Rc45Y,239810960,228.70 MiB
01ke6934.copc.laz,QmZytQ6LUunQfp9mJbAhsaGyCFybwy2WSHVBaW5Gc3WLAy,258431586,246.46 MiB
01ke6941.copc.laz,QmQFL49cGAMkbmu9T837zkKwFudhqXsTgU6EirCT3LmoJv,244796139,233.46 MiB
01ke6942.copc.laz,QmewW1evHUpSQks7c3ahYQmHJgGHeeddkjb39Qmz3YwVM4,265790493,253.48 MiB
01ke6943.copc.laz,QmaKhKJXNaVEVSW4Wii9RTUScxD6zNRRZuK5baQNvKdEPN,289823191,276.40 MiB
01ke6944.copc.laz,QmYdNWVWDpc7fAxThoPtGka3MB8QsqXes4eKGj6rFhjmPM,273642249,260.97 MiB
01ke7811.copc.laz,QmRFsbDM7WzBPCjSUJqJMEkgzBSsyN4rfbgTfKrLTp6B5b,209925375,200.20 MiB
01ke7812.copc.laz,QmPW7uDdHpQTtnE6hsLSbRJutzCuL8MDSpPa4M7Sr4QdCh,210700664,200.94 MiB
01ke7814.copc.laz,QmauABFtxyyFguJukkA1LJgswgripouxejmbgNZ28nwCwX,211511777,201.71 MiB
01ke7821.copc.laz,Qma3oxQmketmQp3N3QPUZJ1uDCB7vAiS1LbHVa4MGbR6Fc,239243236,228.16 MiB
01ke7822.copc.laz,QmS2PPmrCPBR7MME91YbNZsMhuCGDd8HxJNeRLRE1haKsc,219724162,209.55 MiB
01ke7823.copc.laz,Qmb1QetGEd6ARjXwDUCJ9g5ypKKQsRTJeLDkd8AMNfKE25,193671426,184.70 MiB
01ke7841.copc.laz,Qmd6BcRLvmCFvzTKNbhi4vAM5TmmECDodPY9iRFaqTc9mp,217102631,207.05 MiB
01ke7911.copc.laz,QmX6w9jo51izaUwgCnJwF64ziMo5hETBH8HikaMujjkg3H,260960091,248.87 MiB
01ke7912.copc.laz,QmadgudyBsp2ZfHecgYUdiE9ixnHSRmkh3oCuRk31eUror,262975738,250.79 MiB
01ke7921.copc.laz,QmPYPWcU5UWE9Pi5rECA85EDyVjtoVkm4cLPx2uexJDFXu,274012455,261.32 MiB
01ke5521.copc.laz,QmSb9jUUXJPggkfx1gH3Q7UcYqFywCChAsi6jKaLkbgmyH,223374927,213.03 MiB
01ke5522.copc.laz,QmVgppprYzMmuQe4jCFLrTpSrrmQFoVhm3qEoGPSzuHi81,261085249,248.99 MiB
01ke5523.copc.laz,Qmdky6zsr83jXY4Jsxfhjs5HokYZJnvzBfDV2HwvvMAPUq,239327799,228.24 MiB
01ke5524.copc.laz,QmUGmvJD6594SAktM3NDmUS9gvZMcJpgARWdk7WfQZ55dG,246335605,234.92 MiB
01ke5531.copc.laz,Qmd9uYi2Hp7DRvwvcFGyJU6tnQMQUgppHStqhtu3xbFSAi,284287533,271.12 MiB
01ke5532.copc.laz,QmdeY46dRDuDNFqdstMvAzaLADemv1JXy4pjAs9dWvG1EW,244685280,233.35 MiB
01ke5533.copc.laz,Qmb4nqPpfGtu32fcjiUNWSDEKiH55UoUPBNovwTwbG47US,322919564,307.96 MiB
01ke5534.copc.laz,QmYD79mgKuXoEennUx1VCEh4rbYYv8gHhDMVeFft9SxTpb,255469907,243.64 MiB
01ke5541.copc.laz,QmNX6NwFbk2HawR192yn3i9Mem1aRP4xVvETLPKHDuN8ri,239084466,228.01 MiB
01ke5542.copc.laz,QmPtC83J1JUpmVJQkNQpuZxqumSARtyjRnupF9GuWww5Tc,254129367,242.36 MiB
01ke5543.copc.laz,QmfLS6RU2yU7dya5u1f1RVQMA4Bu9BcxcQAgFkd8hUcr95,245850200,234.46 MiB
01ke5544.copc.laz,QmVz3Ajxbn4dXte4QB8mufAGkVpt4g2bgwjxCEp73bsiWA,236238872,225.29 MiB
01ke5611.copc.laz,QmckcRk378HrWnHtghaFwSyRQuk6L9LqKCtfWLyLxJUa6s,266359601,254.02 MiB
01ke5612.copc.laz,QmQQN7c49nJV1rtPJnGCpLwuDfmYXNHf6VLnTjAAF2vjNA,247341812,235.88 MiB
01ke5613.copc.laz,QmRDUKD3iZ9vZPRnEXF7gamyY1CgKEUZJbRiJxUiw3xUdp,251778100,240.11 MiB
01ke5614.copc.laz,QmcN7HrCpwEWwFdZR6j8wScmF4r99cRJ1mKJLNFe4UTAtn,244905063,233.56 MiB
01ke5621.copc.laz,QmVPMz8nei2YgMMXfNL97TjdnirDNWuF2BPtajDz4my7Vd,222593471,212.28 MiB
01ke5623.copc.laz,QmQnGDJEGkY5gqjR5DNyXFCxEXKxtJsCxjgNhxBc6Q31Nx,215188694,205.22 MiB
01ke5631.copc.laz,QmTfPSjkLqfUAVPmBp8oGSChAQjwovkKGnGnA5nJzp8BC9,261128542,249.03 MiB
01ke5632.copc.laz,QmYg6g3DULoyPnQwAn73NjdKRWXxK9XAHfsSsihjoojS8J,226094581,215.62 MiB
01ke5633.copc.laz,QmdrkyYhWLUsSteUqPxvLcDv9HkKoFccmwBUAHs4EYPQ1F,236352707,225.40 MiB
01ke5634.copc.laz,QmdmhjXe5U6oM6xwa9H4SqVgY8duV1b2N3gFSFX33HGcDC,242925011,231.67 MiB
01ke5641.copc.laz,QmSiWkh6rKdhJKdc1ftFeDu9G6BJXM2Nbtq11Ua1V988hH,228812745,218.21 MiB
01ke5642.copc.laz,QmPzfD7DfRE1v54RhPs66xQ8W6q6DSpKR21VoL8K9EsdnA,263666658,251.45 MiB
01ke5643.copc.laz,QmVJ4o2v2pKxSgPQzFLBHiaPHsEDZn51AWgzYwBpjavfue,238916747,227.85 MiB
01ke5644.copc.laz,QmNMt54hX5nYBCTriAXhtyzN93CHT6XNz4BXt3AW1i2BwT,197201267,188.07 MiB
01ke6421.copc.laz,QmeYsRHDRqFN44uYpyGaDTbDchdWqsrnLh4FvtRUXVgKfk,66043339,62.98 MiB
01ke6422.copc.laz,QmYctTaGtPWxkg6GXf8CZuuMsfTvgjW1BwvyGkX16DGtwo,257626345,245.69 MiB
01ke6511.copc.laz,QmfE1t3Nq7VE7LFWptXqneEz8xhhuhTDnhwYPRhRJqNsyF,260502407,248.43 MiB
01ke6512.copc.laz,QmQsEmKx3JHxGXt5fbpsRxXymyKtXRXpijo7y4tCht5daM,318380667,303.63 MiB
01ke6513.copc.laz,QmRM3QkbpMpyoyb23fNDx3VVFsEAkLyyoZ94ffAxkvEmS1,158127374,150.80 MiB
01ke6514.copc.laz,QmdfkH5xovS2b9s7jPxfCvWER5y6sMN51GfrAMtEmrK2YR,319170409,304.38 MiB
01ke6521.copc.laz,QmbXLGFg4mo4YhouFBJ3KXPQGv3MVd3zzrEasPozQ7DqA5,271449581,258.87 MiB
01ke6522.copc.laz,QmeUNeTe3vxy6Mk6taEVf9hGwGbe2LXVBgmccWhhRasb2f,257906113,245.96 MiB
01ke6523.copc.laz,QmXzzwQPPmqMKx8y4s6fN2KqopX6sd2PKAKkiAE5AmQWL9,261014813,248.92 MiB
01ke6524.copc.laz,QmUGboTdzD4yvDuypPp95cwvQcPGqMxdnRzJwY5NvH2Gz3,210872201,201.10 MiB
01ke6531.copc.laz,QmbTNBU7w8m62Eu9bgKWNjMemrimsgWJgDpXraDJ4133B5,36441213,34.75 MiB
01ke6532.copc.laz,QmTNQjuZHtN9qu4YpDU2vsUUZTzNcXuLqWUCaWfBLGCqSd,229382275,218.76 MiB
01ke6534.copc.laz,QmSuczQoNXCij5FSTHV53mY3PUQqDio9EFS26pNL1Vgcya,57130452,54.48 MiB
01ke6541.copc.laz,QmPXoLEEq6Uy6h1Hts6pNsTy8sGsbSdhuoymC1WHTKg6DP,225381741,214.94 MiB
01ke6542.copc.laz,QmShwEhUTzEunQGqwSTQKhXPcoopGmjVixxGQv1TM5TXaa,87009978,82.98 MiB
01ke6543.copc.laz,QmTDPhX3q9ymMkdi4AXn9QvBvNCE4VEzCRDBiwXu5D7wBD,154608905,147.45 MiB
01ke6544.copc.laz,QmR5ymRXBfGWPfdrtgCAawvas5PphKCJFHJwctTHBaexuN,882118,861.44 KiB
01ke6611.copc.laz,QmVS5ktCNuBU3c5ar7NEL3VeVdiijxdq8XCr9khvUDbhtK,218775991,208.64 MiB
01ke6612.copc.laz,QmdFSo8yusPGjXM6THMTPuGx2mXQpFZqRj92Prj2RJwZX1,234579531,223.71 MiB
01ke6613.copc.laz,QmRNGpa2rBfJgpuv2MTYsDCPz6U3VQ8AECq5TTt3wPbYDw,221902144,211.62 MiB
01ke6614.copc.laz,Qme7cJsXiP3PHpVqrwp5qNGJGTg5ujQrEaPY5MrwWR6SpT,210640643,200.88 MiB
01ke6621.copc.laz,QmW2vysdzSjKTMrP3hHUS7QzKFYxqZmUuFoRQ2oue9pyMH,263232654,251.04 MiB
01ke6622.copc.laz,QmdNdsydswbz4xkY58qMqJtzQs3bZEZHAkfeAttbsvWRpT,242811197,231.56 MiB
01ke6623.copc.laz,QmQeUx6hAcBGpYHeWdtu5iCgwj2yKvKP3uFGm88CyptwPd,197263510,188.13 MiB
01ke6624.copc.laz,QmamejpCrK5Ng5KuwTrxnZKLdvc2YL2HEYKYWLow8CGeqc,232853049,222.07 MiB
01ke6631.copc.laz,QmXEdGtYq4HLYKmzFQJKRw7avmQddK1vY6VGkGuy3Twe5z,81096914,77.34 MiB
01ke6632.copc.laz,QmQ8VQyiS7fcRdtPqM17ijWCjLwPQERdozcoa3jz2VECTV,107261304,102.29 MiB
01ke6633.copc.laz,QmcxYEHfy1RKhn1YiFRNZYd7rLmEdSw3kJfk25hNGPsZEo,15056602,14.36 MiB
01ke6634.copc.laz,Qmaf5kLA1KcY74dC7YQxyiiJGBrVesUu6oah8dUvJeheVM,86846594,82.82 MiB
01ke6641.copc.laz,QmYDnSionWJiHyZSaUc2fbgDMBddXdETqZbL42ZNCQHpFD,218039482,207.94 MiB
01ke6642.copc.laz,QmeEGaDniqxanhKb47Wtyy2ZE1MLYYiGVFs7TKdRU2giUi,234383210,223.53 MiB
01ke6643.copc.laz,QmVXvvhdXNaMFVd75yoACM1cdPp4y6bW4ts3H8mJi9j15X,225398443,214.96 MiB
01ke6644.copc.laz,QmanZQkaqCNqu1BZDGy6biERcWoXyykgCf5bQkC6sMHib4,250705408,239.09 MiB
01ke6713.copc.laz,QmdSAthxLip7Xo1umHNbHMRby4oxxrDP9sfvkhTEwoHetF,208968289,199.29 MiB
01ke6731.copc.laz,QmSPhMTH4pfTSmFRPJiuFzdJaWY2CLyj4kkwqphad9HoA4,215470957,205.49 MiB
01ke6733.copc.laz,Qmd6DU1zQqQ7WaYtGo5SADewkBRaKKGL5TrgmgCnKDekHE,221938252,211.66 MiB
01ke7512.copc.laz,QmXfLw3qPg5xQyXgoJDpY4zKdt3DPVVjJhGR19GphmxQLX,18220767,17.38 MiB
01ke7514.copc.laz,QmY2gwDdpjVz5Zy3owxTtBQbNGHRnvFGNRq5KxhH5dFUgR,216070,211.01 KiB
01ke7521.copc.laz,QmWNhWyrM2GNvEkbmKtsDmD2D4ni9nPEkMiRCvY3kSpPrX,64741870,61.74 MiB
01ke7522.copc.laz,QmSvWDTgn5o7dznvuyM17NXMQbt6urMBESESeij8dJyDbi,805023,786.16 KiB
01ke7523.copc.laz,QmcZD3XaKcGqFPMJB6zNA7eQVg9YB29kEG6XVJNMrxjC7o,1653,1.61 KiB
01ke7524.copc.laz,QmV3VfJJhXeYMjmeZCiCUhkqyvmfdLsNRw7hdXWEbszt2h,4636518,4.42 MiB
01ke7542.copc.laz,QmdsPD2boucybCKfY9ic8Zr1GSLE3qUpF3CYgtmYTKq74s,19539,19.08 KiB
01ke7544.copc.laz,QmeqSwkgtdEkhLMDEsvUL86krEDva1HJiAt9yAuEkD8vZm,953724,931.37 KiB
01ke7611.copc.laz,Qmb65crDfzPX4tj7PVytwDaD2mJpTVeYe4r8G5WhkbVYzk,3438161,3.28 MiB
01ke7612.copc.laz,QmVs2UgZY3SYfSk81SwTdyAzNPJiXTEqtLX4woK3T4d26g,170475240,162.58 MiB
01ke7613.copc.laz,QmYzjTJhCWdquz9YKgeMCW77GShSUVNP1FToVVR1oEEeA3,2825313,2.69 MiB
01ke7614.copc.laz,QmcuNgdvGosK4uLLMfB5DXzKiWG6BevsNDthNmFt42GT42,228951081,218.34 MiB
01ke7621.copc.laz,QmUVsgafKdfzqBMjqskyzxEWwdWVEsz8EJcStY9SdgDjEq,229530662,218.90 MiB
01ke7622.copc.laz,QmUyi2NGoquDb3tUbuqoMqCTWywTqCU8MuAHVznHyat2Zr,238690771,227.63 MiB
01ke7623.copc.laz,QmRBmnKwPdng8CHZf5pDXqLaWBBo6f7QVPR9o4pRCbJWsv,246910611,235.47 MiB
01ke7624.copc.laz,QmVa5Lz5iThfPqhQHLy2EcmbhQRdqjmq4bPBYv8scCn2jN,248731251,237.21 MiB
01ke7631.copc.laz,QmfNtzxrMfvSqBa16hMLgR6cWdQEfgLZQTvScSxiXbsicC,26190957,24.98 MiB
01ke7632.copc.laz,QmXjT6kzyjyGSG7njGGRcEMLv7K8Jc2Eg2YVnjDRo8x5mZ,4922355,4.69 MiB
01ke7633.copc.laz,Qmc8K1QNCYWdFxTLEQucoG5Qfw7FpvPfmAkc6nQVde8oqG,1963273,1.87 MiB
01ke7641.copc.laz,QmfWW7fkuydC86gv1x4x8JJUrnQY9ZfUPwGAfrywymbUN9,183355237,174.86 MiB
01ke7642.copc.laz,QmXit1P1m4rWyi2YmvDX3vxtTC1V8SXXduYrbfP9dPB1pE,242704441,231.46 MiB
01ke7643.copc.laz,QmPRoQR7XoZci9CJpMsut7HZkz36VwGG7zTM3UmCfJCccw,48051922,45.83 MiB
01ke7644.copc.laz,QmXygRJFBDqu9xRL1P1GS1H9DoMvnApmiQpZKkhYg89pPG,197837282,188.67 MiB
01ke7711.copc.laz,QmbpUgm5Gdk1Lmz4ekVuwYNgfaLACNoijq7Up5YVtfuZEL,253541679,241.80 MiB
01ke7712.copc.laz,QmXbxL7kBsjkKwwaYPszzPxduBgdPJn2MNuyM1vXWimxsP,244285654,232.97 MiB
01ke7713.copc.laz,Qmcn5QdydFdaor7o4LReUhv6jGw8FJy7YJDusXrSmP7JZ4,248852436,237.32 MiB
01ke7714.copc.laz,QmcTBEX4TCEoAcjA4BCz8V8YDECBYQxVzzPmuuEqZmeQg5,236790790,225.82 MiB
01ke7721.copc.laz,QmbrMoL2DbHcKhTJfyhTk7EEkgBT7zAeR1BuupwtTjcnEA,215659933,205.67 MiB
01ke7723.copc.laz,QmSw1j8447oy6wj4if7e78XrTaqXePZGVCUfBvJrwtGE7L,252827293,241.11 MiB
01ke7724.copc.laz,QmQRmaAVThLWpK72xNwt5psetizQf1D7PZtDNHMYRoYS8x,240751510,229.60 MiB
01ke7731.copc.laz,QmZ8q3sPD4tyRRF1XFYxH1cDwTycRGR6WxkySU8v72joYP,206123466,196.57 MiB
01ke7732.copc.laz,QmdEfFSGYC9F6tmuMujgwqNA89bjoFKL8dtXT4vRcw6c6f,245070042,233.72 MiB
01ke7733.copc.laz,QmZtMFHM29E31WFJy74RSc8dooZbPkBMiC8S4JF47qjMEV,284234201,271.07 MiB
01ke7734.copc.laz,QmbWBEkXS261U4tqB9jwJD94gMUNLJtxizDU74DNC2tmZZ,244380644,233.06 MiB
01ke7741.copc.laz,Qmec1y8RbdBvxd4q3jogykT4kqpqB1MFjCJFjaUWADunqH,269193746,256.72 MiB
01ke7742.copc.laz,QmfFRzQLwUam8gMCEwYWkHSTzFzHox9inD34o87H9w9vjv,283460172,270.33 MiB
01ke7743.copc.laz,QmQWY286wtHytSKaNuCzD9BzQu8qDFAEHPWY88uT6orcBK,245712614,234.33 MiB
01ke7744.copc.laz,QmWx4FWRqndKmJSfF523QKgirEqrMuVc5UBKCbv3woW2Ph,260693169,248.62 MiB
01ke7813.copc.laz,QmUfqzwHNtkQ1JwPY2q7oVFTSg4EqLrLM1fKqCfiBznZeo,214900703,204.95 MiB
01ke7824.copc.laz,Qmai9TDPfYwRUBZP3cJAziBmw75hMLtXYPp65dZmG51H7y,258073207,246.12 MiB
01ke7831.copc.laz,QmSPUer6Mo1y8hJtu5ABeXugf6bnhqJmoYH25GkaXKEEoG,262793917,250.62 MiB
01ke7832.copc.laz,Qmd3SJUcBxTmsDqZp5zkTJHetwx1RWbUaa8LP4BU6eoGYt,210959100,201.19 MiB
01ke7833.copc.laz,QmSwYSWY8LTZh6ZH9iVBHgBG4y8JhXSVPCAxqxTNhaRbXo,262909529,250.73 MiB
01ke7834.copc.laz,QmNkqerQxmFKQxC4oAdZEds4habjZLFxF697cMgSBsJjF1,202549498,193.17 MiB
01ke7842.copc.laz,QmPeJQyaYo7LtSGcoXexezxV4EKCAoLZuAHvzPCXDJMKea,231345325,220.63 MiB
01ke7843.copc.laz,QmZ3DLfkGvugYMqJSPJXQ7nNEsjqodqrc5UTAfGsyAe8m5,205545490,196.02 MiB
01ke7844.copc.laz,QmSB45bNkieShz49zzurznnu2Q4R2LjcgsQzjH6eEbRpbn,223927651,213.55 MiB
01ke7913.copc.laz,QmdP4pR5ZR5v9A5fpJLMo3mdgyCXJN8KdFgHmf5t6Za9yW,284333686,271.16 MiB
01ke7914.copc.laz,QmcY9Y6LDr2sPz98TWTx9ModEJCNN9tP1m1q2KT2LjVwTV,292762997,279.20 MiB
01ke7922.copc.laz,Qmd5fa5qvdjKHcfbUFKdQWnDZAq5iaoo5ngvz9ySdyarsL,289799489,276.37 MiB
01ke7923.copc.laz,QmYBtqEVKMA8ipdmQU8ypHwwAfWViug7YBR6fXshxZgRmc,287464485,274.15 MiB
01ke7924.copc.laz,QmbP2picz8eAmACyNHE8iPjf3mDNkLpPnHXozZ5EkEPst7,278032719,265.15 MiB
01ke7931.copc.laz,QmQhWXE38V528VuRiqSELpA1jpztw1Sr1wHgwa82AyFD2y,308518675,294.23 MiB
01ke7932.copc.laz,QmSNLfqxWdv2V3WjXTEg5bmpKmM1bVHLKddnbwtAg6XSg2,312561845,298.08 MiB
01ke7933.copc.laz,QmV1cBMpn41BxSqHPDRr8ogqXiEW7qkxJyvVULmsr7aTJv,257802240,245.86 MiB
01ke7934.copc.laz,QmQziHaozog1NWniHAff5toWynLqKsFq85469GjKLSdXpx,290649708,277.19 MiB
01ke7941.copc.laz,QmXqAQXHc1XU2QavF1qgYEGC3RcEVpJbyharLgQrvd8bLp,310462354,296.08 MiB
01ke7942.copc.laz,QmQVgLmSv9aqWsGCyaGgfTKYdm8bAC5xsePyShecL7PqRP,245211163,233.85 MiB
01ke7943.copc.laz,QmYnDAKrbLUSid4mRzTzm8r2b43xLFwwsLy4irXrTPF3BY,298448971,284.62 MiB
01ke7944.copc.laz,QmVtqCSk6JEKEP1gtBWPN2YP1CYdes2u7UXEGi8B3HmMj9,263484596,251.28 MiB
01ke8621.copc.laz,QmZMYsEX6o4SWvU9RYZNxXtCYuWvemf1cytHMK2Uj5zCH5,346208,338.09 KiB
01ke8622.copc.laz,QmPmzEUSsT5eaHhogoGGhHy9aZ1HHWrCr7YGEie1VQYWbX,128519489,122.57 MiB
01ke8624.copc.laz,QmV1yvfN8DNNpdL6SrJkiPZLs4GTQ3uaiLYuxKrbJ2Vhrm,645413,630.29 KiB
01ke8642.copc.laz,QmPiKFJyYuCMBjJotQNyhgQC78tk8ySECWk2GnMoV3Lehe,70142177,66.89 MiB
01ke8644.copc.laz,QmT3LC86TELxetVzGGVfiaozBytHLYzDCrYhCPquXtJyxT,24170470,23.05 MiB
01ke8711.copc.laz,QmbWRgCa32yGDfqMHGKHCdkmZXQzWNwu8ExvQDeHoGJQat,197056962,187.93 MiB
01ke8712.copc.laz,QmeKDhwKTRDU4UBiJ4pZeS8KP97cMCmPWWG4onFW3AwTeo,223795481,213.43 MiB
01ke8713.copc.laz,QmZFes2xEEsC5DwaSJ6XHRH9c7zC1U7x66p6TnDpftQV95,190503256,181.68 MiB
01ke8714.copc.laz,QmbiLq7XSq2giJRZ8MbuLD714moreToDQKXf8MLyTzdUQH,204720255,195.24 MiB
01ke8721.copc.laz,QmUmSVAVJqbVKTAgonvjgLaTxYbgjMdR1rijzab3tRZ7T8,212831805,202.97 MiB
01ke8722.copc.laz,QmXopzp2Gy1qA2jfNVnUA1GT84cGxPbGpSfD1A5b4xjHt8,206166105,196.62 MiB
01ke8723.copc.laz,QmZnR2TiECnhkpuhyoVYM7L3y3PELRBQBRGkpeTRPHNcyG,202875265,193.48 MiB
01ke8724.copc.laz,QmWCZcXwuSqFNDngL9q1D98o9UUmzvY3gYKwry9DgekDTz,248547447,237.03 MiB
01ke8731.copc.laz,QmYFyEUsyGEuyFGhksFrJ3fae3DoaJQ3KNmQp6VdwcQE5k,254366333,242.58 MiB
01ke8732.copc.laz,QmTtbCcTLvL2YHfDMkEVm2RKG7cbSS1vaERemTK8VqMfG1,245974278,234.58 MiB
01ke8733.copc.laz,QmZ8DjcqwxMH5c3U9etb71W22KVmoXDs5EcLzKqN3J7iWT,86993230,82.96 MiB
01ke8734.copc.laz,QmXJCkSCD2E2YpZ6cGHGBj7eGz7oRrEt2Hz73h8Mkv9iTH,172852549,164.85 MiB
01ke8741.copc.laz,QmSaNxhnto2i23MbY2LfAK26D14eKmyAkKJzwttmdwNA7D,197716147,188.56 MiB
01ke8742.copc.laz,QmRtPF7KNrAVXZJMtNLUSDDvWM2qasEh42rpykVQwNVEig,224846954,214.43 MiB
01ke8743.copc.laz,QmZuzrJHbyJLtYkKpxTpHZ4Qpyk5igpoXDFPVufkkY3L7j,243720969,232.43 MiB
01ke8744.copc.laz,QmSpK5r9JRbyA233qG4E52NETNUvdT4NCdu2cBDJrixuMx,259598461,247.57 MiB
01ke8811.copc.laz,QmVQzD3UB2Vb1pVT1GPYdyNr5PKorGH8jQnoWYbraQYaUj,219620341,209.45 MiB
01ke8812.copc.laz,QmT1U83k57QwQo75zhg8yRqCKhmh3YZNmYYgqaiYXvVY4Y,200684744,191.39 MiB
01ke8813.copc.laz,QmPnAQotbcEPmL9EPvFy24rtXzGe8mv9aRi21yAS8zmqwp,201191971,191.87 MiB
01ke8814.copc.laz,QmZnTDKh4njS5s72eaKnhfZVSJKLPLYdr16iZhqWodsJiE,190441115,181.62 MiB
01ke8821.copc.laz,QmSTeJGBt9nhD9ov8igiFn9tKXzPghna2UCE2Ts9rN6ued,203425467,194.00 MiB
01ke8822.copc.laz,QmP1HLz9LVHC8V8RSAmFkgrLbYXfkUvxLpVEtrs5CEFCAN,250423517,238.82 MiB
01ke8823.copc.laz,QmVT1HH3DwjCER3PdwkPtExBF5WkPJ525oArRJmH7LEncG,212111766,202.29 MiB
01ke8824.copc.laz,QmdbQttNtcgRNXPNtKDyJaoS2cDU6rirAxgmEdcnkU4xK3,263391838,251.19 MiB
01ke8831.copc.laz,QmVJKJ8WKZ7WahHMhkrn6rDS3RtkHcKWqXMDX2bSstTMMn,238868881,227.80 MiB
01ke8832.copc.laz,QmPiaoa9beYDaFTk4BT7bsEPBMZk2UuDbRNyBT8YscVfgN,191872267,182.98 MiB
01ke8833.copc.laz,QmSo5w3bFXb5p5VPZtANXRMNVvcxndgXJ1aJ14m3Pow6SP,274464610,261.75 MiB
01ke8834.copc.laz,Qmcxgh4VAaMUMnbhDodVU2UqVUxRFKmsEWWQh4bsExfZyY,192084688,183.19 MiB
01ke8841.copc.laz,QmPno54MdqYYAbt4wutZBtpY4UaRKzY1SZp5BN1GkEfMNb,218313175,208.20 MiB
01ke8842.copc.laz,Qmc6YmqnmeToPSuu7oqQjk2k4P6CoCDW6Xu3xa33Wvdeo4,283675336,270.53 MiB
01ke8843.copc.laz,QmYDNcr1ZApA9v7ck4bcBrJESvVUvTh56yuKqioEXD3BrW,192365083,183.45 MiB
01ke8844.copc.laz,QmX7sN7DuhVVJfS9cxucF7d8BdnWaMpG4zuc22vTsGkN8X,234997594,224.11 MiB
01ke8911.copc.laz,QmNmi2s7tArF4gaNpqQ3Uk8HDWYmvx1RFed6Sdvx2PSV2m,246489338,235.07 MiB
01ke8912.copc.laz,QmdbK4kcPzcfbJ4C4JzndPLUgjhskVQbu3c5arwtYS73Tc,292556760,279.00 MiB
01ke8913.copc.laz,QmTkx5BbnjRgCPo17KAX9uo9v8VzS5dzS3J8XZMStqcN7t,263683794,251.47 MiB
01ke8914.copc.laz,Qmf2y4NEbKTANWKeM1xHMJqUnZniiz6ZuckKXUKR9X6ugV,264751684,252.49 MiB
01ke8921.copc.laz,QmbTvT2sQQByX9VipcEMKeENyGjEWB3V78sRqL8NfETnW4,298799262,284.96 MiB
01ke8922.copc.laz,QmP29uEwge2QbbpALJLn6mZZempnzj768ywpjb1JVaiNfR,304517654,290.41 MiB
01ke8923.copc.laz,QmantgGYAvVz31YpD8rq7snBv2ThhieTKh1qYRfMJzfJ7n,278803753,265.89 MiB
01ke8924.copc.laz,QmaeuhE1KYhuzBXMZnEUbBgkccZ8tWuk1NqiuAzSrBit1W,267992485,255.58 MiB
01ke8931.copc.laz,QmZu3FNTDY5kTTaA6XP3cczPYQHKqBvMQAu4P8aYN74D5K,246603682,235.18 MiB
01ke8932.copc.laz,QmZL9s9nsrQA8TPNuhd6R61o7mkxKJtRkSd9cpe9DccK1M,305916621,291.74 MiB
01ke8933.copc.laz,Qmap5ykwX4fKSzbhnTyDr9mqdvmhqTu6HPCgiQtCLFn9XR,227362703,216.83 MiB
01ke8934.copc.laz,QmVPpKgdeRD378UfJj2ZigDNW5khM49P3psRZum2fEYUXs,296481196,282.75 MiB
01ke8941.copc.laz,QmQ1yao59hjqmV3GsUgBW3C3Z1onB9R7TBo5i9qsJKu7kk,319366583,304.57 MiB
01ke8942.copc.laz,QmbvduoCgUAQnBZ3h2agFbzDtFXiqd6cBxJcSeHe1B2PHU,295848197,282.14 MiB
01ke8943.copc.laz,QmbcsPSNyu7J8dDHYjbxpNrMcWH1QyanPjxYn3kLfi3Xhc,265483896,253.19 MiB
01ke8944.copc.laz,QmTB7EnMw8YxHeFBmMezW8KpX9ria7iVmspbs6YyKvWBFZ,290511120,277.05 MiB
01ke9711.copc.laz,QmPbSfnXpz9CRzt8WW9p6JFHVSUFWK62MuGx5SG1uWHuvR,10290383,9.81 MiB
01ke9712.copc.laz,QmXx9aaGxcXKb2NwvAuNUJ99TQiBMw4Bm1zc9nWkwXB7Hm,190646269,181.81 MiB
01ke9713.copc.laz,QmP9b4ZXvUsBjm4VDu1N6H95y6HkapiZqS5TptYpK6CDJx,63060106,60.14 MiB
01ke9714.copc.laz,QmRDUaspwuYUcQNSN6y6vQjb7xxMdLJDy19jzDvbYpjgKP,229020082,218.41 MiB
01ke9721.copc.laz,QmPib9Tzd8UcwNX1GpgEhJbtUgT3daqJXY89eRJNWD8cC6,259182915,247.18 MiB
01ke9722.copc.laz,QmR6Ssza9sfPYppHvdaVSK2ikJQZhiEsxQQan4wooM11vk,240205246,229.08 MiB
01ke9723.copc.laz,QmcYQyfvmaTVbEStvpcxmJumWUgGtEHxgBZAJNms3U3uZM,119978010,114.42 MiB
01ke9724.copc.laz,QmNhM3tb1LT3CXfdTqkrYScLWMSpqi1UrY4k12Yrd4LJHF,234787455,223.91 MiB
01ke9731.copc.laz,QmaxNLddhCWrj4J38eBgujzqcqunt6sTt3YaX3BQ8c8HLH,581335,567.71 KiB
01ke9732.copc.laz,QmTMZ2T2aEy9QVb7WMGHnFJvH5yg8QLhmj5y79idHtTFsf,34659700,33.05 MiB
01ke9741.copc.laz,QmbDSg6J5NvDebQuVqqGzba1FoDmqVXJihDZzAMi6NwUAS,53165041,50.70 MiB
01ke9742.copc.laz,QmRV2viaLUxQ4M7TUsQLqCiRBneqPMZGKP7FWGd8Yrs6bt,250530856,238.92 MiB
01ke9743.copc.laz,QmSALVZPzXx37RQuyCNmvDHyV5m8ZGaYpEL9RJC6SDziEo,57502203,54.84 MiB
01ke9744.copc.laz,QmVEAVCKCXjqfHCmFW9vxpjmA5Mmn8qquLGVWXJUYxxyCR,289780550,276.36 MiB
01ke9811.copc.laz,QmYFQzvW21GF5mr6dqgXWV31AB1ajmwXQ9kjzK7yEJTFwb,290624764,277.16 MiB
01ke9812.copc.laz,QmUGFwoHzwPqe7jGkAG4Qo42gPR8Lny2hVddsy3kfpporF,208219008,198.57 MiB
01ke9813.copc.laz,QmWf3PvyswW37CYhB2pW5mVB7bJ9YQ9XBjts4dH5gLWVBQ,257977990,246.03 MiB
01ke9814.copc.laz,QmeSK5f5B4JNWkKeQTxxTdX3AzoLyVcdDGzGWDn6j8vKFf,204821825,195.33 MiB
01ke9821.copc.laz,QmP15w6YzGGNvfCBvzKLt3GV8pQyYR5fKBoKgEJrDtdU45,207266758,197.66 MiB
01ke9822.copc.laz,QmWKcoUgmUh3uFP6iXMXVjKcZ5ZjGemxFRcKmTnBZKbxnA,282965484,269.86 MiB
01ke9823.copc.laz,QmNUWCfdpisZfE6CNQCYAsnpYByWKsMKDodziKdHNY56YV,125651091,119.83 MiB
01ke9824.copc.laz,QmeBfEHvdzryJkBwyc1i7UBpE9efViGj49vE5WpJK5jHeN,305100256,290.97 MiB
01ke9831.copc.laz,QmPqtKAz4PPqZkNTciCu3i7YcvsBASqNj7VXznrky1JcvS,323444533,308.46 MiB
01ke9832.copc.laz,QmUzphrwmLiRwzLEmzf96GvJmtyRjtS5KgnwEHC78DhaTM,166457313,158.75 MiB
01ke9833.copc.laz,QmRyMtK9bTy2qiTtraiCpEXc2KnmYom824mHbN8fJYmjMr,402898884,384.23 MiB
01ke9834.copc.laz,QmPx3UTTADWUfRWVBGig6j52x68vjtLcL6QQCaiTJCvmHA,115612043,110.26 MiB
01ke9841.copc.laz,QmVqHJciBjsv4MsUPWyfxLePh9V5L4fdwyMFdWR46TpBUt,142806403,136.19 MiB
01ke9842.copc.laz,QmTVZp8PEEUuo83t8ySgerL3EeVURGHMWFD52jQ6AMGX4E,346461944,330.41 MiB
01ke9843.copc.laz,QmNQYvZKSQvtHWA2y9vaoVcJ1pdUtG6bweRiGyFFMoaZ22,242799715,231.55 MiB
01ke9844.copc.laz,QmQXYSCf6J8mTppMnswZaWTwmBMvD3QXi8ooZ8ngFE3oNy,296246106,282.52 MiB
01ke9911.copc.laz,QmYMugnenR5RS5G9ta6RHKczcegnvVSBo4XyGgDBMBWNfQ,216756549,206.72 MiB
01ke9912.copc.laz,Qmcjy3jJ8aUDe7qZAWkuNAm2WYQdvQHQwu2MPuPoikUnPs,244423024,233.10 MiB
01ke9913.copc.laz,QmWTqf2DQ4fZAy4zKHCFtqSMcZeDzDMakVGdxadfYZjK7Z,299479171,285.61 MiB
01ke9914.copc.laz,QmUzAfMVKVspH1pW14TNzajKQhoBb3fvovhwx3oEx1isHH,317047949,302.36 MiB
01ke9921.copc.laz,QmULzZ82zF51JPWAoqPEQkjMqyKKnMvWHSLwUjoykt7DyW,252496839,240.80 MiB
01ke9922.copc.laz,Qmb7nqw5bvpdTUfAh3uxjn27G1KEWC7XE9qeDfZKaFL22T,284595233,271.41 MiB
01ke9923.copc.laz,Qme5zWmAV79V8UNvFdbVPssHy1a8xxgKWAueQim94uwE3e,286835535,273.55 MiB
01ke9924.copc.laz,Qmedx9gGVQ2gaMAzYRaw6Au9K4hLDioeCMPveuBmDEKRkL,282435796,269.35 MiB
01ke9931.copc.laz,QmfWSZJfu1jYMY3th35nueLoTEbiyH6EFEygwXPGh4fg1o,332098231,316.71 MiB
01ke9932.copc.laz,QmY4P3gkzz2D3x5K5wtzVPrkQZ9Y2StVFwHDb1cubLo3H3,277335377,264.49 MiB
01ke9933.copc.laz,QmS6wFdhqJ23xVBSomZDCDvJWhKorcL7npkrNQuJcoCEF6,351205569,334.94 MiB
01ke9934.copc.laz,QmdoSWHPbecrN481Xeevv7tmSEQinGqKQa7QBcgADCmsWX,401377753,382.78 MiB
01ke9941.copc.laz,QmQ3bkREHHPKnWkVfR7CmtSG6NPMJyzr8S5xfCqBVJJCEh,315420549,300.81 MiB
01ke9942.copc.laz,QmaqsFdY4tdwBtuVqmfbbP3NvckUrtyaWJK2UwBUNmoLHD,282916222,269.81 MiB
01ke9943.copc.laz,QmS1jHQ3NBWpwFGZj1MomZqFan4bbctvFogrH6euPoUgco,326348969,311.23 MiB
01ke9944.copc.laz,Qmf5YH1z23dDk1y8jna9GL8tEz4QMNy7SEPUdnTuqTppjv,274738645,262.01 MiB
01kf6031.copc.laz,QmW2cygjiUTFHWcNBW8QcgpEWpWGMCAW8EMgxmX9W4fEcS,91838389,87.58 MiB
01kf6032.copc.laz,QmVX5nUBtsy2xTY9mjFFFSsK2RkkNCSHpVUw2WhRHqhzpZ,86298419,82.30 MiB
01kf6033.copc.laz,QmYUPn1nvFqmj8nyXK7C3EAcYd3XhERATZeQb8GoqFPeTw,283470915,270.34 MiB
01kf6034.copc.laz,QmcAGRvzcBCpMmfaBuQo78npdMdYTXZgAsbCYhstNGdfzx,267888531,255.48 MiB
01kf6041.copc.laz,QmXAan4kUkqcwMML6ocfc8KeyR1sJgrP5se9xrcEdKh4AC,44740973,42.67 MiB
01kf6043.copc.laz,QmPF79agJwFPy3ZwZUEQN1hekEj5ZFSQTcACnAoZoJv9N8,216309784,206.29 MiB
01kf6044.copc.laz,QmYqgRJa4UdQkP1v1ZiqT44utr9hfT1GF4yx8VE72oA9ir,69400227,66.19 MiB
01kf6131.copc.laz,QmW4VioxbszLboNbt158YbSKcaStzGxndCfRRPE9hLio5M,28172569,26.87 MiB
01kf6133.copc.laz,QmcMv6SuD2Qt1aq4cNWgy9usioQigtR7Z55Y26YWsA63Jh,218546241,208.42 MiB
01kf6134.copc.laz,QmThtgnPiwq5HbdbdnTf862Tw4XPoVxyHyWiamjLr1pC3T,9600583,9.16 MiB
01kf7011.copc.laz,QmPmFBDE9aHXewMR3jBB5fhzReUjZnZMo3jM5acnbhcRKV,261166920,249.07 MiB
01kf7012.copc.laz,Qmd13uRmsMi3UEFeYNohMK6CMiMwpCwd1UF8k3u1uHMrKT,274017345,261.32 MiB
01kf7013.copc.laz,QmRkGdHKWvb764p5eG8h6aqZFczWsxJMUWMQx568QLezFj,285045670,271.84 MiB
01kf7014.copc.laz,QmZEHwv7wi2PNgw8GXHFAYwaRTHMAU3wrK4RWvwt6eBa3Y,269184948,256.71 MiB
01kf7021.copc.laz,QmZVrooyJAvV5CbdJvoMKUZkQJfQAzgMCVtHF2PEfBtw1T,249347508,237.80 MiB
01kf7022.copc.laz,Qme3vtZFVdm7FMnJng6C8WPbqmY9qoc6ZfobLgs7RaDXGg,207705844,198.08 MiB
01kf7023.copc.laz,QmU8AjjqWmzL3zXmFWGrNn2jBTaZWxJnErzfCWPtKzJJFT,241227889,230.05 MiB
01kf7024.copc.laz,Qmb9KFSFrMU5pLgTT4E3PYb5NxyGyGywdapVbHuF3E4QH5,219643577,209.47 MiB
01kf7031.copc.laz,QmP3ybkme5JvYWiaQh8FmLaso2QH6BFzXSz4XZ7kYpP6GD,253047377,241.32 MiB
01kf7032.copc.laz,QmdrGf9YXjDF2rpjxyj9QgbfHHJ6caWjmDsZBpbJqLELuC,267600920,255.20 MiB
01kf7033.copc.laz,QmYKp4uuWyKdCu8JsLsBFnrghS1xWFZ2ttxCESF2j9oQ73,272667891,260.04 MiB
01kf7034.copc.laz,Qmby7LDrgJgvgZVPCykXML2imBr1gUdrjqYe1beNbupBfG,245123037,233.77 MiB
01kf7041.copc.laz,QmYwLSJNnRA9J3TSBi8eNHPUZJ1fVNUVLVrLUjE7mqY67f,235860479,224.93 MiB
01kf7042.copc.laz,QmT6LsW8Az996A8NhRXkZkRVfMms262miFGa7dPfVe4usU,288981106,275.59 MiB
01kf7043.copc.laz,QmdyPoQ1z5VRKbNxy7NkDnKNEbNB6XAGnXyfL8QMqfb5uR,236310645,225.36 MiB
01kf7044.copc.laz,QmU2Br9KqTeGoDTmePaAMEqMYut2uz9fd58AQG6fNwsseh,308483873,294.19 MiB
01kf7111.copc.laz,QmRPA5rPKnGeNgwHcPVziLhq1eux3z2rXBU4QQ9SPAxkYD,262342386,250.19 MiB
01kf7112.copc.laz,QmcvjezUGXMSVi8aP8XBU8ZsQjZdHfPfcZU5v9JSdTX4Ng,246295468,234.89 MiB
01kf7113.copc.laz,QmWCFN5dRFriWbHA1ZBZCE2yYpEXFXDWqu7Kc4XTJhRsrL,225078536,214.65 MiB
01kf7114.copc.laz,QmSd8NAgAqTnbdkt9rfNnmdqh7kVWh29iTZYCxWsrdcXVx,258590434,246.61 MiB
01kf7121.copc.laz,QmUtUiC14qeC1Y55Q1igEUzPuBuAxQCPXjsjnLfW77MwPL,38011774,36.25 MiB
01kf7123.copc.laz,QmbQN9GNgdNPcoVVUQ5fqyrNAMB2PZpnjPxnd2yG6Kro5X,13774748,13.14 MiB
01kf7131.copc.laz,Qma7nM3rvenopLJoeb8rZMBtT23Hds6gTr4MeJkACbHJLr,253541761,241.80 MiB
01kf7132.copc.laz,QmbHeSVBmgUXfmaewyGsAYvjrnqL5CjpxyNvbASvARSaGy,246531883,235.11 MiB
01kf7133.copc.laz,QmeLUQwJz67yU3fmzcx3ujbmC4ReDXNH9iGY7A9GmY5EAu,280839771,267.83 MiB
01kf7134.copc.laz,QmVSbHbLBXhrkNU3y5WZX5hYRE9hqBNN34dXzgub3mH7wR,292378616,278.83 MiB
01kf7143.copc.laz,QmVo7yJuCquDMBXgpL2xsiLeXNhncwjgB4Y1eso9D22NQj,9951109,9.49 MiB
01kf8011.copc.laz,QmacEYvvcYkBt5QotCgGCZsKAQ2PGdjzWMXjAfnMSHRUUH,278883819,265.96 MiB
01kf8012.copc.laz,QmbRVaattsTArauq7h6YqHYVzC6go92ruTtbcEnzSTbr6i,232393511,221.63 MiB
01kf8013.copc.laz,QmXdNUayDGqoAVpKori8R8oEE5o6Ai9n6m7xsMfQ3WAr5R,245356148,233.99 MiB
01kf8014.copc.laz,QmWnQUbx4NmL9cfXKVEdFicadjFfHXkzgLvQKJC5snPibJ,215566878,205.58 MiB
01kf8021.copc.laz,QmTUhvnwpMch7efRSidAyKcbxvhEScc9YG1Qvp4s9odaGH,209380120,199.68 MiB
01kf8022.copc.laz,QmTA2i91am6unf5s2ygNsrkz6tNCmpmRi4CDyKUivXtdwi,311125395,296.71 MiB
01kf8023.copc.laz,QmUduFxr3y8CzVKs59JCHQrjg16LnBNbFAMX3Hs5Hb6pga,198910774,189.70 MiB
01kf8024.copc.laz,QmbwNouqt8PuJFEEAZUJQqFJx2SKqvbmYQc8TuLSrtyCAT,213627175,203.73 MiB
01kf8031.copc.laz,QmQ33SWdjtmVYf7rCXyQCV2BisvcK6GnTg1asJgTJx7Zws,291242277,277.75 MiB
01kf8032.copc.laz,QmZxJScHPv65B7xkLkS8dxTD2RdjaXV2unQsQMDN1UCCQv,233690987,222.87 MiB
01kf8033.copc.laz,QmVQwUb8oK7cYECgWsGLKHTn3QfxS4ogdcMocssjcK3KN3,241631558,230.44 MiB
01kf8034.copc.laz,QmSDXFYLm9hjq3oCyrz4PpnvGt4EDdAbmyqVPSqAS9Q629,203292275,193.87 MiB
01kf8041.copc.laz,QmWVZMVRM6fn26MAoHfRA2951ppNd3kgg8zHKynL7PJxBv,160041479,152.63 MiB
01kf8042.copc.laz,QmZoutifrTe8Wj56ehxLdkN7RoLGQxZCK3uhnfF9cew3gP,158812849,151.46 MiB
01kf8043.copc.laz,QmX9D4oNKNidVHfeX1ou9kW2b5qK28e11J2F1wThgc7Vpg,25985783,24.78 MiB
01kf8044.copc.laz,QmQtdHMJQuCJEcUqn8E61vPAV3BMT1Lf2qMXjCZq5rN8JW,79777052,76.08 MiB
01kf8111.copc.laz,QmetANSQzNet4iU32zYpkoCQLzobqEznkU1CF8oCZi6qp4,290031971,276.60 MiB
01kf8112.copc.laz,QmbMPQDSUutEzY96SToTUmfgAr3MYEwJY8wGnmnZTbw6uj,263779990,251.56 MiB
01kf8113.copc.laz,QmYpLpG9KDLP5tHuBLK8VESpxZDN1qH6CdzLKKEvrEm3nh,237921972,226.90 MiB
01kf8114.copc.laz,QmcxEtzVtJVbrdqgRXGNKn5xesyqiwvRSZwHyoTC1JHfvU,204652822,195.17 MiB
01kf8121.copc.laz,QmaQxMxiraid4msWTdqYSW92L8KmgFRb7aP5WiLaXLoDTs,54901199,52.36 MiB
01kf8131.copc.laz,QmbziEvuBWtsxfGw3TEczLHdyq71gz3BpvwLvRwf18avpz,194218648,185.22 MiB
01kf8132.copc.laz,QmbbjSkGQEYzi6Y3WytjEnMS1keaxwEu5G13gbMSHENeXW,266984586,254.62 MiB
01kf8133.copc.laz,QmTQ9QQSiZvy64Fb9HNPpnhh8q5Cabj43KfEvCFuFfodRh,157548643,150.25 MiB
01kf8134.copc.laz,Qmc11DKMUzKrknaGHQLbYktu77dh5MskZWbnh554ZZLZV3,75931021,72.41 MiB
01kf8141.copc.laz,QmQg1dFX6Jv7SrNocRqduMPkUTwCNcKLsYHxfAVB8CTc9m,1465375,1.40 MiB
01kf8143.copc.laz,QmdMpBZyTFh1ZwqbfW8ai8s2ecsNbAmEA3DWwQ1Z64oUPY,240068,234.44 KiB
01kf9011.copc.laz,QmUzf3taEF1QG7beda5YPES8ZXdzeWmnuFC9ju9v47cPBE,251902238,240.23 MiB
01kf9012.copc.laz,QmQwU22fBS2A7NmXYZiCLyMwviYjvAVTPaTndYqUSTFygP,242700473,231.46 MiB
01kf9013.copc.laz,QmZkKwakZ9ewizgQt8yUrLtiJuky8aqsLLKRnvKnDEb5oH,326043200,310.94 MiB
01kf9014.copc.laz,QmPgxETeLSxSZfWYvK1veyRYqHH3tDPuf2szb84yY3qnw8,311207861,296.79 MiB
01kf9021.copc.laz,QmTksiZ4k7A2RyPZCoCQQ9hQNEepGMcycDL5mz24nJLeP5,44721168,42.65 MiB
01kf9022.copc.laz,QmW86vrXL7QCpUmyyQUr6knp4dTxgejMfiipBoWN2jGu6S,19493536,18.59 MiB
01kf9023.copc.laz,QmemjubQxxoh8fYrmwSM28jsh7dYDTDekrpWVD4io9yN3F,186146612,177.52 MiB
01kf9024.copc.laz,QmNNaMdLfWuoXB8GAEUWPmqhX75L3VDP7pcfJ3XPQL6yQ2,77557,75.74 KiB
01kf9031.copc.laz,QmSZFyKHcDFhHjGVuArKuWL4doSUeGnqrmGMRZctywVQ53,297919552,284.12 MiB
01kf9032.copc.laz,QmeK2piGwyZZqaqVDifigww5zM2KyvycnJ8K2CmTWVmL5N,271239623,258.67 MiB
01kf9033.copc.laz,QmTvA97hCW26HjFJAku3D262q87NQUKBiV6kMdR8Uqad7J,249078014,237.54 MiB
01kf9034.copc.laz,QmYvXNh43KBSUonJRNUJ4JcR2tXzw94jmBJHWCSwumjXAy,98675712,94.10 MiB
01kf9041.copc.laz,QmUgi7J5VEhBd4eyw4gGZMPSj4vpsfWxW8JJ25Smy4fVYo,126726332,120.86 MiB
01kf9111.copc.laz,QmcpWaY9yqxHrLV7BajNmZ8Y3U2WmQYjsxnbaqwuvGvozP,204502381,195.03 MiB
01kf9112.copc.laz,QmfVKs8AW4gN1FBKM4SRACpAhBR1UWsoxR7wQ7x1XVbDPU,85723084,81.75 MiB
01kf9113.copc.laz,QmWkeM7vStkcdM8dXcSMHFRjH8kPpvtTG6WmPxdRCN9Cgw,16691206,15.92 MiB
01kf9114.copc.laz,QmSeTp28NcuuzZqnJ2D9Zq2Vz4H8d1UmasGBWDYb1Ba88L,27839287,26.55 MiB
01kf9131.copc.laz,QmNo1rSmZ1cvbooVsZr6N2voEJz2Axw1KP6k39uCU9U3Ym,7303,7.13 KiB
01le0613.copc.laz,QmPm8MoUvipKDbMu2VhWGju55Ziz9H7CpNxqSaBiHiuER9,1780,1.74 KiB
01le0631.copc.laz,QmQWx33UtDGTmuEifMNpPLvZ8XPCChAsYXhNkig6NtiTRK,80405111,76.68 MiB
01le0632.copc.laz,QmTpfAMTNAU7CmTUwEToacEdS2cd1ZJsVXAc2JpCsfwWBo,32727039,31.21 MiB
01le0633.copc.laz,QmQuyCZMkdNxMskvSFRwt3rCRsRynPZtfAjiVSRa4wwRdf,24920377,23.77 MiB
01le0634.copc.laz,QmXeKzsLXejWwNmZQhRdR5ep6ST9pC2VDv4ccfxHENPtw5,164443203,156.83 MiB
01le0641.copc.laz,QmQVKrM7eEwqQ9S6QCE4BTB7HcjU8WQ67Fr5QkCKdXcXVr,106875,104.37 KiB
01le0643.copc.laz,QmeM5ZQRheoXhWhWQhKcEqTDrTxypvG9rNHGsFpgnEf5ht,26317562,25.10 MiB
01le0711.copc.laz,QmTRnLXFEnFcozFhh6RRhnCfe61yCNCVpiW8j8mJtmh2yx,951989,929.68 KiB
01le0712.copc.laz,Qma5egyngqFYRXQqyfybLtYqdnYXKdfd1CZ1R8h7EYkt7u,2154436,2.05 MiB
01le0714.copc.laz,QmcuwFF2zdbud6aLR5jw19s9o1MUfrd4EpZZqgWY3FrHLD,19511396,18.61 MiB
01le0721.copc.laz,QmSXfi5a5USgC1JWgCRmnqkRAKbtHggM9BubtPtWqCUoRY,215362239,205.39 MiB
01le0722.copc.laz,QmbqLGjqhDqJoAyNwmcGAofHLktkBE74XLmkgccgpFPiuh,239363943,228.28 MiB
01le0723.copc.laz,QmchNgHGSdWKqSoG1sqh3WZCdzGiHmr6G3f1QQZnwJai9A,178720277,170.44 MiB
01le0724.copc.laz,QmcAGUC8sG5E3xzDkUTwv8BxLFm2Eg6K9WZegp87ULXrGo,26015487,24.81 MiB
01le0731.copc.laz,QmeD5yUUnBjULMaot9yzBq9JvY5stkeQsVGjuLKewNJs8J,44884,43.83 KiB
01le0732.copc.laz,QmU9Z2zZWKRr5VJyU3m9pJz3LzBiScBeL5r6hojEwRFLin,469036,458.04 KiB
01le0734.copc.laz,QmQjaEXfbTCd7J2996zyWjXFDh5fhtud4aXV76DCPijuk7,34479517,32.88 MiB
01le0741.copc.laz,QmQhrN7v4U8AFzVxJFanho8RSBjw7g4hH2eaw2a6tvybSF,6182701,5.90 MiB
01le0742.copc.laz,QmfVLCGpYKZVRJaS1cTEXRCUAaMJLQEGGL6mwJK144n2Tu,7265292,6.93 MiB
01le0743.copc.laz,QmdBD3GadDjjktaXg7fZbdhk6m3w9TnrMMqcwCYpX87f2d,97410903,92.90 MiB
01le0811.copc.laz,QmaBus7m8Cuecnfc5dkZ7L7721Te1H1efsV6kTSdqe6aCf,295969009,282.26 MiB
01le0812.copc.laz,QmWecXtchM3kocHmCxnW1cQcejknmj3F7N8NVvxZzqHr1H,103538074,98.74 MiB
01le0813.copc.laz,QmXvNBS51jY9HH6ZxL8xesw7USMXVntRvsf58sCiqcDdja,70034872,66.79 MiB
01le0814.copc.laz,Qmec1Gm7wxFaJoMMm3m3ZYTRFKnbYNCd6b3XNXnHSD1oHk,327597756,312.42 MiB
01le0821.copc.laz,QmYkUL3cTe4vqJJpLYBWRcGJfXfE8ZzX5W5koghev8WyFs,283622425,270.48 MiB
01le0822.copc.laz,QmVjeRgpo6VMSjnVmHdAtHXsqQNC81MZdGYwnzYCuMrfQd,270162764,257.65 MiB
01le0823.copc.laz,QmZPj52SGFt2YoE8pZkPfqWznh2b2HJn9ThQdrHkvRf4o7,250934561,239.31 MiB
01le0824.copc.laz,Qmf6nSbVPdWTkQAxBZ2Ty8ZPCT4iSRXDM8YaRMba6ir7Ww,271693540,259.11 MiB
01le0831.copc.laz,QmP8Cm6BYC5qMAffbKAfNm7YojQvcJMYvKvzK3v43ShKX2,59551100,56.79 MiB
01le0832.copc.laz,QmNhYy8XVfxigGWw5KYykCAtLgZmv1pcdRKeuoUgJ7jcjY,347460120,331.36 MiB
01le0833.copc.laz,QmRfs2uz9MnDoMpMoZd39QMEmE1BuKuD8r3MsU9PMH7sEA,133289985,127.12 MiB
01le0834.copc.laz,QmVwscJ72hk6Eu2gwK1zRwZ6KrxvFcz3okK7pnFXJTwVQa,219446048,209.28 MiB
01le0841.copc.laz,QmPmUq1WGTtaFePXVnXag9Fygq11B5Bq6dDNWiMQhor4Jy,214783007,204.83 MiB
01le0842.copc.laz,QmTkgun5jqjcLjBo6UZ7zLyvdYD5TxrTNuufci2T4wZgtr,219239044,209.08 MiB
01le0843.copc.laz,Qmcccy38pQEqgTP8CHAdzvDnNSNhSdsgmMz4pbaNASoKCE,247653969,236.18 MiB
01le0844.copc.laz,QmZvTvpq49kk48B34WpNr1k4g9U3EYtGFFakktC1XiVZVd,287697988,274.37 MiB
01le0911.copc.laz,QmenbeUJYR2j7pK9qU19e182SZCFgJs8SSabL5f4kAeeGQ,359162399,342.52 MiB
01le0912.copc.laz,QmY8rbq1bwpRJSPLXyQip8mjmjuiCBugCr3Rmc8hBKFjMB,429979381,410.06 MiB
01le0913.copc.laz,QmQXqn91dUw7fem8PDnzmpMEyncHhXjD6m5mAiaEy7pnGD,330485536,315.18 MiB
01le0914.copc.laz,QmPyVBVebLLkcXM6bneNc3gjyjtNsiSSz45JaX2eHuwMtr,430647200,410.70 MiB
01le0921.copc.laz,QmYJ77Q9nxJjQnv3LRysQBAjjoTTKEC2xicztQQoC24GnZ,429242153,409.36 MiB
01le0922.copc.laz,QmVe97cfxfA9KrP2svfafAezTmaxpdKjU7mgHF31pvkh56,291438013,277.94 MiB
01le0923.copc.laz,QmU9nJNTciDDRSBdvyvGbEArFpmWjm15zfCEWcN79siiZH,406401379,387.57 MiB
01le0924.copc.laz,QmRWPDuQhAxPyB5JbDQZYD2pU7c5S7NqNq8Mexf1byi61R,327393985,312.23 MiB
01le0931.copc.laz,QmUfucv3eNgyXi9bdjSfpeCrC43Zr7hUCsfT5vsBDFzePM,302077253,288.08 MiB
01le0932.copc.laz,QmYhD1Yij7K6zie4oiDU5ZpjWeaBcWtkb8X9SaRkbQJM5D,383287137,365.53 MiB
01le0933.copc.laz,QmTdqVPaiWyjGvDfHKyGMbSBhNwRVde6XMx17irosDMN3Y,331325668,315.98 MiB
01le0934.copc.laz,QmeyAKcMxFHyhKxF88yb5NUufCa4d9os75gTknqjoCMkG9,302874770,288.84 MiB
01le0941.copc.laz,Qme17fmXRs2RH6vzfgKL2SbXsLYvBQRcSHpNLZMaVCWnDx,339761934,324.02 MiB
01le0942.copc.laz,QmVekr2i8ykCAuEenvyxvrug4w7kPji7crPwy1U1dqzAGQ,382667655,364.94 MiB
01le0943.copc.laz,QmeJw6EoZfAFnw1PrWGkNTmZABrqW6hDpuahZSTbFchwvZ,217384804,207.31 MiB
01le0944.copc.laz,QmXgphMPoPZu8AdSeGkVHgWL9LBHzvZoHP88ViXa648jZu,40345247,38.48 MiB
01le1612.copc.laz,Qmdct2zo63MVKBEVRvXkUCdeYWVhGRvPkiYEXQHNngxGPb,62927868,60.01 MiB
01le1614.copc.laz,QmYSvG2qcDqPuaJJunwTcv4KHyBTmQkbXhf2uMBsjG6tcw,5238786,5.00 MiB
01le1621.copc.laz,Qmaohhwj2GY1XHuKAG7jcAn56C3G8MwCK1KciETkDsnLu6,92423734,88.14 MiB
01le1622.copc.laz,QmcTh91htzp3puqbfSYkiqpKbBhnCeBq9mTKnysobcFi1G,201147,196.43 KiB
01le1623.copc.laz,QmRTbLAeuc1sGBpKLKhHv3nDxDNrp8r2VbzyMKHGPXEyH5,114361439,109.06 MiB
01le1624.copc.laz,QmSWcJJLwW8j72fhfpUMKubchWCQeJHzv7oBQiwaGVK7EB,118475383,112.99 MiB
01le1641.copc.laz,QmP3yLXS9FfgJyc5nmqwmGYdDTyuAWDjNNXAgX7EhbTafB,575583,562.09 KiB
01le1642.copc.laz,QmbmoyA8CQqgHej25DyP2tCucJoizeJb5pDb5PHMSuuJE8,70128833,66.88 MiB
01le1644.copc.laz,QmT7FsYwJWzoKsvMzPTLuYTtpARPg5mSmjRGqf18cJmsyt,821114,801.87 KiB
01le1711.copc.laz,QmYkRKFAhhuH9Z83mtKjviMJqUJoHmaVeZUq2ECnn4dCkg,111613,109.00 KiB
01le1712.copc.laz,QmaEXAH5ZCq1gidExfQ65t9zYMjVYeomQkHmRR3xZhbL67,93501842,89.17 MiB
01le1713.copc.laz,QmQhCaBirstR8cThvfsPJfF5vXqrLGBjXYNRHoWbofj3Le,133298733,127.12 MiB
01le1714.copc.laz,QmVyjDx5uKsCKLNAJ2kp4tcHjyDEnR2W8nBNSMQHYJQCfZ,166258031,158.56 MiB
01le1721.copc.laz,QmQWMGuAkcfmPa8b9frjYNA19t97p7ypXFRM2uDPpCH63c,91869039,87.61 MiB
01le1722.copc.laz,QmZgZ9TJivs71vLPZ83bhQ2btNLU5tmf2h8xgdDxSWJLuw,60844329,58.03 MiB
01le1723.copc.laz,Qmehwgvr3rJTxvM8QxuwVqCgvVYVMgPQucPCuyYLa4J1KD,61587925,58.73 MiB
01le1724.copc.laz,QmWsbtiqRNRTr1Wj2Gw1NHvbc2UmkmFBAcX8RXXWT1L8c9,108487984,103.46 MiB
01le1731.copc.laz,QmYpGEHgWhVwoKf1K7EGUbCfV5wzQqoiKKEcHR6Bw4X57V,218726223,208.59 MiB
01le1732.copc.laz,QmWyqRMeA8Ty2PWcktLbjEWUrhJ7ULfnLvQm518kCDg9gQ,86903122,82.88 MiB
01le1733.copc.laz,QmUwdKUvz55Jpt4VSAZHeSmMxHBHrQrhUKYJHLRwvoD7RZ,42025795,40.08 MiB
01le1734.copc.laz,QmUobTR4RDNJzY2F11Q7AjdPEda9REMM94uJAD95AVAGsm,52054947,49.64 MiB
01le1741.copc.laz,QmNbcQMxTwVgsA9G4Wey1TsG47eVZhafA7bx1sMq2LDnPW,172147912,164.17 MiB
01le1742.copc.laz,QmSBCUHkE3n7soXZPuxQdLyF5E8vwQ4LHHpoVjYEP3gmFm,186328256,177.70 MiB
01le1743.copc.laz,Qme2JuoZmtx8w7XPiajC5wnLj92HgkaLX79EdBLtPBSXkq,255972697,244.11 MiB
01le1744.copc.laz,QmNZaHyHC43yedEqEE9BwjyQQ1dZwvuwZv9jX4QCthzxwA,277541175,264.68 MiB
01le1811.copc.laz,QmZkefSAZt4sgZw7vwcFBWdYhTwGQwycpfELdaKM5VZom2,140739880,134.22 MiB
01le1812.copc.laz,QmccaDnGioraq9W8qHMi9iNYC63SmJcX939pnob7gPsxSD,239563622,228.47 MiB
01le1813.copc.laz,QmbAaHNDCJm498ZHpih8EXiA2LaGwKu2Q3p4nNThEXvnYh,247206332,235.75 MiB
01le1814.copc.laz,QmX6M8WNs2uR8VzyDWfWuxvv1EXpVdb3LiZ7AnjJUMP7Ws,274294854,261.59 MiB
01le1821.copc.laz,Qmd3WszvWHEyJoTjC61tgEc4w2xWGcjZFs611rz6sazs4B,266761480,254.40 MiB
01le1822.copc.laz,QmaBcZmVKpU5TsY9SzNxH7P9SpnxhA7C6QFS4qEFjBjW9Q,295321576,281.64 MiB
01le1823.copc.laz,Qmac29HwinPKLvCc9ZHSKHMhuqYJhmyDn5Y7jvAoyVd7bL,296608797,282.87 MiB
01le1824.copc.laz,QmVyDnrFM6txL3wyEwcM2vd8FHCrzoqY93D4A3UqDmRx1z,287038150,273.74 MiB
01le1831.copc.laz,QmeiMFsUNgMvSNFCGF8EaacwH3ou6rtN5hnsZCQFGLhLqL,256081042,244.22 MiB
01le1832.copc.laz,QmRQPWYoWZFKB8uRxWTeM9rfnTLfi1nhvtdPCLGM1L7cVF,292079985,278.55 MiB
01le1833.copc.laz,Qmd9jquqXyVwye61eRUrc6dhqZp3xnxyWLd8MqiHupczUx,259221513,247.21 MiB
01le1834.copc.laz,QmY7mbRmRx7wb2QMaJSF2EasFcxTkKUpHwRm5rxUBsC9nh,298347421,284.53 MiB
01le1841.copc.laz,QmfLXzW5877BvUPPpZaWmSeYUt8PH5QBKnfyrAyb3zcKRH,286811186,273.52 MiB
01le1842.copc.laz,Qmf1ULVkG2iX9Aerj7TRNTsGEo7MaHLdXAgsaXncXV5pbH,287777720,274.45 MiB
01le1843.copc.laz,QmexocP1AWacSwFED5Q2YiuujujTkqeez7XBTXajWRQBur,278952912,266.03 MiB
01le1844.copc.laz,QmUPPqvBFSKYoijGYf4QJ8P2CU97GvKRhxBxitBnoNAo6v,284890616,271.69 MiB
01le1911.copc.laz,QmZFqWFdjzS5W6wZMLMrwt85HWbTeYHhSRShN75YZ1NUJT,289247302,275.85 MiB
01le1912.copc.laz,QmUEqm5skoSDk67EeHmuiSGbgW2T9vdRWnPexTYJW921eG,330966203,315.63 MiB
01le1913.copc.laz,QmPvwSm2CtcBPcKo3W3M2ws5AZD3doyUaceMivQp6o96Vv,295255600,281.58 MiB
01le1914.copc.laz,Qmf6D4vSWzjuvraz8xBo6D6rhySfD9t3eS1B8xUsAccjFS,333311854,317.87 MiB
01le1921.copc.laz,QmckEKGUr5mwGzAUEbAJD1VirsiE3mud8xa61aGMcFcVJV,297376404,283.60 MiB
01le1922.copc.laz,QmUeU7WpJMw49Hz5mHiMtXBZgTvqUkQy7nGAyMTz3whhuY,2154410,2.05 MiB
01le1923.copc.laz,QmePc75FmZ8vqFHjJ1DYQ7SVTzc3htMr1GKH2FYtJVr1si,195387465,186.34 MiB
01le1931.copc.laz,QmURmVjaGqiLagzBBtzYpp7pngj4xdTUwfMNDaeu93VRiz,293814052,280.20 MiB
01le1932.copc.laz,QmQT3sHBBtYNpEftmSNccLUM6ju5xpkSXUkZJ1kbt5UWnZ,271494296,258.92 MiB
01le1933.copc.laz,QmdtkZsZurJF7Leca1PhdAgVynVMpUrt8k9TvfPro9j6Bm,283720054,270.58 MiB
01le1934.copc.laz,QmXnDZH2YAhpD91TQiGCCstYNgoWsW4bzHh3WsTUwN3HiS,180809457,172.43 MiB
01le1941.copc.laz,QmebnMECzE2T9rNu1ZnqWYum1jLjvdvzrMtVpWfxK9tczM,54276362,51.76 MiB
01le2522.copc.laz,QmYX6UK3rGuYGHaSoSPLBrTKRHq9BJKgeXievLgHqvmf72,547235,534.41 KiB
01le2524.copc.laz,QmVmGDh4orfBMa3DkQjgyJ6KXxfVHLseeEwb1io5yqRceL,83584025,79.71 MiB
01le2542.copc.laz,QmNogRg8UyRrVbge9Njvm8Xek7NkaRnGC6sRe6HKxNSy3Y,121268142,115.65 MiB
01le2544.copc.laz,Qma8rz7iuZw1Vc6hEz895eJ4iEqftHYKp9gYRUiUASw9WV,26568044,25.34 MiB
01le2611.copc.laz,QmXzKuuZXhDJudvM2BgBnXcpHAWZ4cKvZJ83GRWtofwaNV,4285737,4.09 MiB
01le2613.copc.laz,QmRLA68RzCyVWLnLxDtuABgK9SDuYAVw4vCzwEeDq6T6Ho,25220872,24.05 MiB
01le2622.copc.laz,QmcpC7RPV6TMeffBEHq8bHczBR7phzRe5Nw4nMUFatStw5,555692,542.67 KiB
01le2624.copc.laz,QmV5wcs5823kVHaPPcoYrUFVsTygF269vtcTxNuztn9biy,6138,5.99 KiB
01le2631.copc.laz,QmYuaB7FpFTTqpqSXcFf4JcQLfjExtqo6ZCqP8kNtrXrNa,11745611,11.20 MiB
01le2633.copc.laz,QmYwjJuvdyJRMPSozPE4yRR5nVhgNgS34VBst9zPdXn8qc,15299533,14.59 MiB
01le2642.copc.laz,QmaeSX5e8pR7XiLUG1MpgExdEVCFgzHbYYvVX8AeEiyRmJ,10614797,10.12 MiB
01le2644.copc.laz,QmX7txcfaRJiThYjTt4748iV7GTHYJRwx8eeicrnWqwyT6,7581857,7.23 MiB
01le2712.copc.laz,QmVbDB14yKKxgLCnzkNuAonwzSp7gwAFALpcyFa2pFy1CC,61851104,58.99 MiB
01le2714.copc.laz,QmSyvHhaQN6swpv1GG9Qwn7B29YJxAfje3q6rEQC3iibX7,46547618,44.39 MiB
01le2721.copc.laz,QmVFC8RMeiTqZJzYcguXYdD9PQiK4Dgx5JbHQwD7hpPU8J,269551615,257.06 MiB
01le2722.copc.laz,Qmf9BPbdmY4bLmK26G15vRLhA5GHTYkKLBoCZJRJDLSLKA,253974085,242.21 MiB
01le2723.copc.laz,QmTuhsjzzjiyCDZyNzeMjru4A9tWH1wpEAmieHFD1RtPWy,229726803,219.08 MiB
01le2724.copc.laz,Qmbkcza6S938iUnnmgP8PAoqpThDzrnRr5Jd39VLLz25ru,240103297,228.98 MiB
01le2731.copc.laz,QmZzo5BkHmiNs8cZJdkhPnpEyiLJCvXzi1g6TTXK4XSCt7,202839,198.08 KiB
01le2732.copc.laz,QmQNePdcgMvHH5FPzhqdbRuqqfarnvJ9B8cmCigrGUrNEc,65102151,62.09 MiB
01le2733.copc.laz,Qmbv7kbDHCBWB3xQCgfrktvRJZti3ej1trwe8kHi8LB7z2,63548066,60.60 MiB
01le2734.copc.laz,QmZMiRHfqBV7jhScumudd2gvXYAs98JjEUBpHkvKgyQMYB,215872718,205.87 MiB
01le2741.copc.laz,QmRBhUNtEAwXhfVK6QYbfD546cqDbasSoZAmyxyN9BWi6m,240344775,229.21 MiB
01le2742.copc.laz,QmX7RcYF7D7EYNC5qAipfneCsrAZs9RNa1Uga1sYbLEGwG,271317141,258.75 MiB
01le2743.copc.laz,QmWqaMuYKKPJzoBMzKjbSWgHUevfdW66igShGJAhu5k9nH,249888169,238.31 MiB
01le2744.copc.laz,QmYofrnZTkdw6wksvTPYJZ8Ex2YCV2gTA8BaMeSWXKkiBz,307163902,292.93 MiB
01le2811.copc.laz,QmV8ENB6Mp5kVQTNbLJusmRnFewwEHjHgfa6WB6c8cSzX1,300095800,286.19 MiB
01le2812.copc.laz,QmTEGouWUCMJsTjXNJ7agqkchVXuJrH7nHuBbDXGZNHm3Q,297397205,283.62 MiB
01le2813.copc.laz,QmesR3FKPbZLGF7AWDS44Hfqm8cPVQEU3RVRfqNVeeaWeV,289619371,276.20 MiB
01le2814.copc.laz,QmPH2qVA9hLKbDohgVYqATWgKyuUrwyiLv9NARFnafVp4m,276432314,263.63 MiB
01le2821.copc.laz,Qmbk8LoAjs4Pc6m38Zh2ehvXebFgs5FZqDK7YaxocKQzAA,297856186,284.06 MiB
01le2822.copc.laz,QmfZfB1ggDdQhiWE5dktdin8xRLq5BTzdENBTzDvxqDcV3,310554577,296.17 MiB
01le2823.copc.laz,QmRmRFundfLdRQHkCcftebJQhGQQaEPZjVKXxXhRx1p57W,312764819,298.28 MiB
01le2824.copc.laz,QmT4GHYgCjgjaaNUvxbQrkdwhrUd8ELNmmP35CxLarHifH,349014370,332.85 MiB
01le2831.copc.laz,QmScHrETfTPodUt97rdrFofBE7683qoiJf8edd7WQs4QYL,284574946,271.39 MiB
01le2832.copc.laz,QmZNgp7XRAndpkTvgJfNBYeZLtK6Z2fxFENwEPcewD6tYQ,291856315,278.34 MiB
01le2833.copc.laz,QmeV3gBfMMhdv58yRrZRcKCKMubNRFiWYsKywFQg7xy6Em,307841413,293.58 MiB
01le2834.copc.laz,QmcLPs9AQSvWAP8fFUF9ZDWiKf8wK439aEDxeKPJEaGAv2,313837811,299.30 MiB
01le2841.copc.laz,QmWAoasV4F7rUSu1RS9SkBc1jLWHCYFxYj4YrR2jQHYdYK,306575461,292.37 MiB
01le2842.copc.laz,QmcDt4zA47YMYEAf8kbEudmfieyRS3cV7mAHPFGbuU7e2E,259805849,247.77 MiB
01le2843.copc.laz,QmXgTE9ewHEswDPywhLD55siGQwC9RP4GhJvj2auR2yQ4W,271431589,258.86 MiB
01le2844.copc.laz,QmZfThU2vwyDAMNYYKwyuLvzpvkdoQ5XFa9SLdWHw3y55W,74302393,70.86 MiB
01le2911.copc.laz,QmZGkn65JHCAHHJM7VuyzgMjxzZMHACdQgAch4xWfRvBVj,259520764,247.50 MiB
01le2912.copc.laz,QmVGvcZosfxyra3RVKTseU7BeNzwjSQv2o3dVeSnNqKoWy,122966093,117.27 MiB
01le2913.copc.laz,QmPhryPF57DGoBKJvQqCgsyBDXRMKm7855XVyHBRJfHTHw,254793585,242.99 MiB
01le2914.copc.laz,QmacNtoyHSYHkgXf8vidLgtqVWx7oB2F5ish7j86Fiecut,16680790,15.91 MiB
01le2931.copc.laz,QmehZVoNYyv7Uv8Wss1YnDsBDqVGFgSnvbRb84wYBuu1v2,127576309,121.67 MiB
01le2933.copc.laz,QmTK44GD3kFu4XPZ257BBN7azqcehCCE84Mp5dCTswZfFw,3251979,3.10 MiB
01le3522.copc.laz,QmXhQ59gTA2ARJEV25aUg8zcCcFuE3N3XtEjGZbMJJqeXT,23267,22.72 KiB
01le3622.copc.laz,QmQM2cuVAHDyKQ315HgLARYPj87MAuSqc2VmhJqqN6QTPD,91275,89.14 KiB
01le3624.copc.laz,QmXkqUZwVopRfLa7ThQLG86L9JxpfZUEPWfbtKBRs9uFf4,12281962,11.71 MiB
01le3642.copc.laz,QmTXWgQHHBcdX1WfFmFCDU1BgsETx8wM5ZeaERq4nj2qBW,107211388,102.24 MiB
01le3644.copc.laz,QmWGLCmqWFN5eAYt3PPP3JKDPYNv9Br7hNFD5Mrgr2SyGA,181709364,173.29 MiB
01le3711.copc.laz,Qmf7gzeJDwScHoWxHwa6KAc5HwsWSK1F7rJz4K2cegCnxr,129739640,123.73 MiB
01le3712.copc.laz,QmagVUWUUuJQ6cVn4vRU1uc7tKV2fq2uDEFNnyM4BaUBpo,246107931,234.71 MiB
01le3713.copc.laz,Qmah5yo4hbEy6Bd66ryg2w92wf3R2iK6RmUidJbkTQNoFT,240463874,229.32 MiB
01le3714.copc.laz,Qmam7W6XKhqUi96eHTSbDdufMxXS4nXFZ8vjsvGY1LtsFK,295511728,281.82 MiB
01le3721.copc.laz,Qmc82xZipATr2fDAdM4Qc2qi9fThLduxc1oydfN1mw3KF5,290895415,277.42 MiB
01le3722.copc.laz,QmWXJ4izdrFuLbEu194STTVy9LqjXCbasyVNffQAzKdZt4,265244906,252.96 MiB
01le3723.copc.laz,QmcAjQNkC3hMRwL9B7brbekGDSuVFaGq9s8j3KST8kcb22,297149465,283.38 MiB
01le3724.copc.laz,QmSLXYxsNe9LdX2nuwqm3MkbscGgB4Tbb713rbMu1Evhso,171080240,163.15 MiB
01le3731.copc.laz,QmRqV6kmSB2fpE3zCMbHtLJSBHxc4ohHWFkEKziJ96yuaR,302345654,288.34 MiB
01le3732.copc.laz,QmQTSGXHURvTmnKfT5KKP7xPKFtZfaExZXfUoADkS3vUwB,280457260,267.46 MiB
01le3733.copc.laz,QmQr9ZF1X4ReioHzQBNWJU57PkmeufzkirTi1JRm7RcRR4,307403990,293.16 MiB
01le3734.copc.laz,QmfJhaDBu8dvm1xK2DzrQzQSBKeYaC88FwuMFLmMomrbka,278310714,265.42 MiB
01le3741.copc.laz,QmXdSM3LCQuAz4v432mfvQqEB58ssWh416u4wr37x9gead,254786756,242.98 MiB
01le3742.copc.laz,QmXRfgLakHhGh9STzfSzwp4ouqS1qh7iX54WgUz5Ua5pPo,117437803,112.00 MiB
01le3743.copc.laz,QmQNrYJ6EMu7icHkB4KXWs1FJ8eW98ejf6xYYULstbuSYE,276424906,263.62 MiB
01le3744.copc.laz,QmaHrArvgWqw3tWV8PHZCpoumt3PCxeaFqaSHVSQkR8sfE,95576460,91.15 MiB
01le3811.copc.laz,QmajFn7gdyEQG3Lh1XVdMwu7cTqSr6DSgXqtysiZyjDANQ,302540663,288.53 MiB
01le3812.copc.laz,QmVnxaBfTXQgy8nzs3SF3T5cqtTWqPgvvvTx2zak9QD5GT,239025012,227.95 MiB
01le3813.copc.laz,QmSdQMPwhvbS8rkr1cj65hnY9nvFnU1Xppux6JFQh99YoF,68881005,65.69 MiB
01le3814.copc.laz,QmQduG1cc8SREK1EKCVYZrd9uwtKNBuLvLT87pvhRxVMM4,15900686,15.16 MiB
01le3821.copc.laz,QmfZknYQ4FPBiqXxyk345GwRAG5rK7VG7xQDwRUUtPPLNu,106265163,101.34 MiB
01le3822.copc.laz,Qmc4vHiefGNv4zBTQJDTHB3jQgaQiCKjvnbWiJFWLZ6gZs,976501,953.61 KiB
01le4621.copc.laz,QmQ1wHaq6ha5sCGccptf7fryubUatxde3j4XoRS6BUR1zZ,357886,349.50 KiB
01le4622.copc.laz,QmZo9itbgCUZmmf5FFT7JNeCMYPCPse6BRgXxSWh4hnfAd,205071305,195.57 MiB
01le4623.copc.laz,QmfSKcSbxdf951FocMaCyQLHLDYa3xuUzTNMBMdwAByLyQ,115181938,109.85 MiB
01le4624.copc.laz,QmREmtD3VsBzmzXjQ7fEqwWrmFA1JUvJxWTkS8UNv8yhzg,267952756,255.54 MiB
01le4632.copc.laz,QmainAPBxXKm4674tT2zUNyYrnc69Vq5csQGn5YKca5m9t,4506234,4.30 MiB
01le4633.copc.laz,QmNSFe5XzoisAC7khSpMuy1MoWxwhG7UXrPsG6HzTMboX5,6569937,6.27 MiB
01le4634.copc.laz,QmcEn5yVKCMn63fJd5Noj4BWU5CD2No6isdasAEJbb1vQn,149763718,142.83 MiB
01le4641.copc.laz,QmUk1ka5QnazEphSwvSX1hmSwy3pcnJoNkWv3nSS8pa9py,164445468,156.83 MiB
01le4642.copc.laz,QmfVFwChBv2AJnSuMc8rqko7GNjWh9iRBeDzzrcLxeQNM8,280007507,267.04 MiB
01le4643.copc.laz,QmewKGZKzsbgsmz9V5mZdKMWk1LTiDb6iuuB94TrUJf6Fe,283038409,269.93 MiB
01le4644.copc.laz,QmeiYHxFKCQnJvetN8RgWZUuQDF7cxC8zjSqAGm5iaUtbb,306628329,292.42 MiB
01le4711.copc.laz,QmeHfi7tj9RYD9GM8711L1ezLos4LCMaZJT4umWpwbhhQm,269739163,257.24 MiB
01le4712.copc.laz,QmNXkKxhabE4VH3cWx4S2yDjiaCoj5AcnmQkkHvNy5njKP,296790866,283.04 MiB
01le4713.copc.laz,QmZ63RZFwz7QoWgoX49bsEYKg93Pzs4Psb2xvivMm2kKyh,249984912,238.40 MiB
01le4714.copc.laz,QmboaL1omtS22Yq472oBgoDWddZ7aV1bSEBhyEkDgbmXKT,289501934,276.09 MiB
01le4721.copc.laz,QmeRG9ghUxB4pcdVyVq89BGY75bh4JG2YRpHt2Uue5eX3m,296233109,282.51 MiB
01le4722.copc.laz,QmWgBTS15VLaihJrJH8d5FFpFNLjEET2GMDwkzTWRBkcEP,66755633,63.66 MiB
01le4723.copc.laz,Qmem7do1bSyzVTUiUizQWJgLLZ46D15fAcGu7bWaLVXbYC,185608741,177.01 MiB
01le4724.copc.laz,Qmaasn8Ca6GStJ2ChqvbKgAsg87wDTHyEpBgKxdXvQMg42,1403668,1.34 MiB
01le4731.copc.laz,QmPWyG73HrwECvQzv1Nj45xZo3v7s4Cc1LWkoh7XJyeNRb,261856345,249.73 MiB
01le4732.copc.laz,QmYBGHzcV6GEqLtfR75G76vEHGf3EBe8VL4VuAvEQfLVkD,246397335,234.98 MiB
01le4733.copc.laz,QmcEvVEottbsU2iPatcWinnXm8kB82wxhCBTaMARUeQ13M,294745827,281.09 MiB
01le4734.copc.laz,QmWhNkgCAZrxo8TgUdKJGaQunnL4qrV4x7moKg6HMTwkSW,41971196,40.03 MiB
01le4741.copc.laz,QmYewga4LSL2TA96Rekj7nhGj7uGYTLbqJrdKDFgWa4fJ4,26959837,25.71 MiB
01le5521.copc.laz,QmNo3RNQ9bEffX56JFspzQAbPVuVEzmoGq6xRTiwZdSWBd,3808,3.72 KiB
01le5522.copc.laz,QmP9JPGoAyqxTuQV4Q3mCZCPryTdf8xh42Nd9N8k2uTU34,126923270,121.04 MiB
01le5523.copc.laz,QmW8Li4pbpjsdSZ258RiMq7oaitSHvTYMhsWXDJ45RyoH1,89544873,85.40 MiB
01le5524.copc.laz,Qmde8e1kgvp3d83sjjAZvNEux82FVaKxjZkMmpi2ocqnF2,194571739,185.56 MiB
01le5541.copc.laz,QmUBY6Lb76JxdKu5zksy5RZVBrG5ih4vuZFf1rfEXqgZFV,196199676,187.11 MiB
01le5542.copc.laz,QmbNkPq4DCCBMbbK9SY6Fhz6kcv3wdWd7Zn1ZZSnHnFhhA,160097146,152.68 MiB
01le5543.copc.laz,Qmc2vvxKJ2HTaQua5ZdMHX7bRQNeDnX6wL4B76JKUWs4bN,51199674,48.83 MiB
01le5611.copc.laz,QmVo16JhFhfdfgAibLoiNxsHTXXw6yTnnKpFM8Ms5fH6qt,182828754,174.36 MiB
01le5612.copc.laz,QmYRCT33UjVJM8auEn3bSd8aH43SnPFAzC4XfPdDvE9ax6,287791058,274.46 MiB
01le5613.copc.laz,QmXmoPW8RKE5K4uzGgv53yKvxtUUVbZGws5hZFa76H5bgE,173227442,165.20 MiB
01le5614.copc.laz,QmTQhkQb4VyT4THf36spwhThHbVSwFceiKPNznSgAfFA9o,205447695,195.93 MiB
01le5621.copc.laz,QmeZxAN2DbMJRk3jN51jn3c4EPUUPYRj3YEDEo6PRycyV1,315584153,300.96 MiB
01le5622.copc.laz,QmTKeRqA1p6rnTyaGA4wofrMAZHSbyAGW7oE3ULKjFJf6M,271313644,258.74 MiB
01le5623.copc.laz,QmaJLZeqn7THtYCQQ2CwC8VoXvHxz9SXr9StipX12iUrLF,188953724,180.20 MiB
01le5624.copc.laz,QmXzfYxe2qKNT1bCiPC6EajiJCeCZwtKFGKN71EuEiVPf5,46850496,44.68 MiB
01le5631.copc.laz,QmTk2kaJENrLURe9td5GLeUYZPKfnwYFaU9rmAdxya2KAX,1160043,1.11 MiB
01le5632.copc.laz,QmWUZZF6c11acp44stBQopTjXemz9zvBkGQpihv51obp5C,7900585,7.53 MiB
01le5634.copc.laz,QmZSvzxjv4gRZHKXfZjZtyeyv5gXPbRXGhNbHNpwufu1Cg,293031,286.16 KiB
01le5641.copc.laz,Qmaxa5RSQ48ENWCAyJWH6T4VhqYbZvGqSgJufgCHibsr6J,68208162,65.05 MiB
01le5643.copc.laz,QmaMTVqo9RzFxfiGtG38qcJtDjNTK7hDAgYVg6csWA1bCb,69135089,65.93 MiB
01le5644.copc.laz,QmU2H56CTHXKxgFjuTjXWAXZJ3Z5zxSzjPgSbwXgJs6RNq,11129712,10.61 MiB
01le5711.copc.laz,QmahY7YRXrt8d6i1ZjBPubBZNvyLK9cxB4kvL1ZGiNK1HA,111444075,106.28 MiB
01le6521.copc.laz,QmRZxXEVYQqnFprZcVGrWfRULWAdwdLKhg1tBJwHTmkUMK,443324,432.93 KiB
01le6612.copc.laz,QmYzGNd1yMxQKg2ETP6L1QrvzVcy5fbMZxB6C29bsHukwL,29806088,28.43 MiB
01le6614.copc.laz,QmYsoenCktmxrT8gA9KmojdAs9ZQHeM2gRV7KVUXmDoNtM,54516832,51.99 MiB
01le6621.copc.laz,QmRV2st5RvNJL6uW6ez8xuCYZLu5zQn6f9UAFYqgdQ3vzW,230977369,220.28 MiB
01le6622.copc.laz,QmW9tW41vKumCd7pc6uzFb7sjfGvgiZXQX2G7rwr4xTzAS,62396284,59.51 MiB
01le6623.copc.laz,QmanWTSqh28MFqpdJuYWZibcbLDt6Z5St3iTwVpb8f6Qym,184040202,175.51 MiB
01le6624.copc.laz,Qmb6o69JxDQJRrH1qLygwtKwcDfjp6Me7vB22KNBeS3ZWm,33083283,31.55 MiB
01le6632.copc.laz,QmfD9VB3E6YNVkfJaGHTmGpsSLstD3xTHhV8JNEKox3HhP,27510290,26.24 MiB
01le6641.copc.laz,QmTCDjamexBcEPAWbqWjTQgnoD8XJb5Xyb8CQH1KVntCv8,20240018,19.30 MiB
01lf0011.copc.laz,QmSiSJDZqA9iAuW7fiGkp8aJgwGqnmxRg9FSz4QcNmPLPi,226932957,216.42 MiB
01lf0012.copc.laz,QmVEQkCZ1A3HLjrG8QAEniWm2wt9VETSKJMuQ39tkJLM2n,79201389,75.53 MiB
01lf0013.copc.laz,QmbbYjtricibFCRrjqPTeARYGNA4UatTpXSkCs6QAyZokC,77467750,73.88 MiB
01lf0014.copc.laz,QmfMMg1WK8KrtzqN5drs4xJZ9CvvshzyocCEUiisBiE5ad,406193,396.67 KiB
01lf0031.copc.laz,QmdaABSoidgjSoCXVjpHQ1E3uY7gmQHuXeezBkhuAeu1rQ,2149704,2.05 MiB
01lf0033.copc.laz,QmNPquEwCUmLqetaSKLmQ3qmxmHXRXja6stkuQSxgqVgoD,1637,1.60 KiB
